id	count
1001	 (D)
1011	33803000.00
1047	27726000.00
1051	17366000.00
1063	1733000.00
1065	 (D)
1085	 (D)
1087	12243000.00
1091	5350000.00
1101	16616000.00
1105	9650000.00
1119	 (D)
1003	115652000.00
1013	 (D)
1023	 (D)
1025	1273000.00
1035	7325000.00
1053	36149000.00
1097	76821000.00
1099	32057000.00
1129	4831000.00
1131	 (D)
1009	12428000.00
1015	10901000.00
1019	36030000.00
1029	3273000.00
1043	15920000.00
1049	24253000.00
1055	5404000.00
1071	35801000.00
1095	7445000.00
1115	9834000.00
1033	36371000.00
1059	7491000.00
1077	40243000.00
1079	56474000.00
1083	85219000.00
1089	63960000.00
1093	3184000.00
1103	13881000.00
1133	824000.00
1007	 (D)
1017	2026000.00
1021	10235000.00
1027	1025000.00
1037	 (D)
1057	 (D)
1073	1083000.00
1075	1557000.00
1081	 (D)
1107	6675000.00
1111	2135000.00
1117	9785000.00
1121	16999000.00
1123	3406000.00
1125	9342000.00
1127	3782000.00
1005	14760000.00
1031	36989000.00
1039	31116000.00
1041	5099000.00
1045	25451000.00
1061	47133000.00
1067	40145000.00
1069	63993000.00
1109	11553000.00
1113	16145000.00
2000	1647000.00
2000	14205000.00
2000	917000.00
2000	338000.00
2000	7749000.00
4001	13197000.00
4005	2358000.00
4007	343000.00
4015	20790000.00
4017	5836000.00
4025	10607000.00
4003	 (D)
4009	165860000.00
4011	2418000.00
4012	 (D)
4013	446895000.00
4019	74684000.00
4021	315577000.00
4023	692000.00
4027	 (D)
5029	16616000.00
5045	10067000.00
5051	4475000.00
5053	550000.00
5059	1152000.00
5105	4883000.00
5119	30152000.00
5125	1823000.00
5001	297151000.00
5035	214685000.00
5037	188405000.00
5077	171619000.00
5085	191210000.00
5095	 (D)
5107	247759000.00
5117	159632000.00
5123	189010000.00
5147	 (D)
5005	601000.00
5023	1195000.00
5049	1104000.00
5065	 (D)
5089	560000.00
5129	1012000.00
5135	1031000.00
5137	841000.00
5141	1067000.00
5021	242740000.00
5031	258784000.00
5055	167165000.00
5063	33891000.00
5067	183721000.00
5075	126179000.00
5093	314464000.00
5111	286746000.00
5121	57354000.00
5145	39106000.00
5007	5050000.00
5009	1329000.00
5015	1884000.00
5087	3145000.00
5101	1004000.00
5143	7042000.00
5011	 (D)
5013	390000.00
5019	2097000.00
5025	465000.00
5027	5082000.00
5039	776000.00
5099	1153000.00
5103	408000.00
5139	569000.00
5003	66742000.00
5017	197260000.00
5041	206473000.00
5043	63585000.00
5069	196405000.00
5079	117729000.00
5057	4551000.00
5061	1389000.00
5073	31628000.00
5081	17879000.00
5091	24502000.00
5097	886000.00
5109	600000.00
5133	810000.00
5033	22542000.00
5047	4267000.00
5071	4335000.00
5083	6303000.00
5113	1648000.00
5115	10396000.00
5127	1336000.00
5131	2414000.00
5149	6299000.00
6001	47557000.00
6013	75703000.00
6033	97477000.00
6041	8581000.00
6053	2935327000.00
6055	524203000.00
6069	126077000.00
6075	 (D)
6079	618023000.00
6081	73137000.00
6085	233397000.00
6087	548415000.00
6097	606237000.00
6035	 (D)
6049	70327000.00
6063	4459000.00
6015	16561000.00
6023	 (D)
6045	137167000.00
6007	526847000.00
6011	569922000.00
6021	509107000.00
6067	208842000.00
6095	242743000.00
6101	501917000.00
6103	170088000.00
6113	525503000.00
6115	154440000.00
6019	3700093000.00
6029	3231921000.00
6031	854628000.00
6039	1239924000.00
6047	1272622000.00
6077	1658533000.00
6099	1062853000.00
6107	1671142000.00
6003	 (D)
6005	21767000.00
6009	11835000.00
6017	24340000.00
6027	6791000.00
6043	2608000.00
6051	8810000.00
6057	5807000.00
6061	 (D)
6091	 (D)
6109	2588000.00
6089	24014000.00
6093	190530000.00
6105	 (D)
6025	1310273000.00
6037	174019000.00
6059	156926000.00
6065	744651000.00
6071	66845000.00
6073	648221000.00
6083	1129013000.00
6111	1430264000.00
8001	102519000.00
8005	 (D)
8017	59270000.00
8031	 (D)
8035	4570000.00
8041	20684000.00
8039	8953000.00
8061	36987000.00
8063	140583000.00
8073	40405000.00
8095	117490000.00
8121	98527000.00
8125	311704000.00
8013	 (D)
8014	1397000.00
8059	7371000.00
8069	57381000.00
8075	117927000.00
8087	106243000.00
8115	57477000.00
8123	374054000.00
8015	2936000.00
8019	 (D)
8037	3351000.00
8047	 (D)
8049	2112000.00
8051	1793000.00
8057	4684000.00
8065	77000.00
8081	3511000.00
8093	713000.00
8097	394000.00
8103	3961000.00
8107	7802000.00
8117	 (D)
8119	158000.00
8003	80984000.00
8021	26411000.00
8023	24529000.00
8079	15000.00
8105	94632000.00
8109	92601000.00
8009	78922000.00
8011	12706000.00
8025	1617000.00
8027	2229000.00
8043	4289000.00
8055	1474000.00
8071	3170000.00
8089	30027000.00
8099	64897000.00
8101	18061000.00
8007	1289000.00
8029	23582000.00
8033	6339000.00
8045	5644000.00
8053	110000.00
8067	8356000.00
8077	40652000.00
8083	30014000.00
8085	33700000.00
8091	707000.00
8113	533000.00
9001	20925000.00
9003	107170000.00
9005	28023000.00
9007	50567000.00
9009	77561000.00
9011	51167000.00
9013	35678000.00
9015	18046000.00
10001	 (D)
10003	 (D)
10005	249492000.00
12001	69295000.00
12007	2456000.00
12017	7726000.00
12019	5818000.00
12035	15566000.00
12041	28031000.00
12053	15899000.00
12057	318507000.00
12069	133554000.00
12075	42111000.00
12083	43774000.00
12095	251578000.00
12097	68881000.00
12101	29864000.00
12103	1927000.00
12105	316031000.00
12107	37554000.00
12117	26115000.00
12109	68769000.00
12119	24775000.00
12125	5625000.00
12127	100065000.00
12003	2358000.00
12023	18916000.00
12029	 (D)
12031	12270000.00
12047	36489000.00
12067	11403000.00
12079	15739000.00
12089	1226000.00
12121	86654000.00
12123	3415000.00
12005	2271000.00
12013	16555000.00
12033	38059000.00
12037	255000.00
12039	53200000.00
12045	44000.00
12059	13302000.00
12063	75429000.00
12065	21083000.00
12073	2787000.00
12077	44000.00
12091	8337000.00
12113	59556000.00
12129	 (D)
12131	10714000.00
12133	9393000.00
12009	35483000.00
12011	43252000.00
12015	94889000.00
12021	198953000.00
12027	162968000.00
12043	78009000.00
12049	145058000.00
12051	478785000.00
12055	198496000.00
12061	133598000.00
12071	101469000.00
12081	272757000.00
12085	112614000.00
12086	592266000.00
12087	655000.00
12093	50597000.00
12099	982049000.00
12115	15027000.00
12111	147009000.00
13009	522000.00
13021	1284000.00
13023	23127000.00
13035	1228000.00
13079	26550000.00
13091	18831000.00
13133	2138000.00
13141	1620000.00
13153	15611000.00
13159	3465000.00
13167	5317000.00
13169	552000.00
13175	30344000.00
13207	819000.00
13209	12176000.00
13211	7075000.00
13217	 (D)
13225	29271000.00
13235	49406000.00
13237	1432000.00
13247	271000.00
13265	422000.00
13283	7840000.00
13289	8651000.00
13303	20320000.00
13309	7753000.00
13319	1325000.00
13031	89194000.00
13033	71293000.00
13043	13588000.00
13073	1935000.00
13103	12468000.00
13107	53194000.00
13125	2625000.00
13163	52999000.00
13165	33927000.00
13189	 (D)
13245	913000.00
13251	61497000.00
13301	3239000.00
13013	570000.00
13057	6421000.00
13059	 (D)
13067	3045000.00
13085	626000.00
13089	545000.00
13111	1289000.00
13117	2597000.00
13121	3284000.00
13123	2091000.00
13135	11167000.00
13139	3451000.00
13157	5419000.00
13187	1989000.00
13219	23589000.00
13227	997000.00
13281	1170000.00
13291	4550000.00
13297	6222000.00
13311	2249000.00
13011	1754000.00
13105	2953000.00
13119	4515000.00
13137	1675000.00
13147	7781000.00
13181	521000.00
13195	3004000.00
13221	8263000.00
13241	4433000.00
13257	508000.00
13317	3311000.00
13015	14809000.00
13047	4397000.00
13055	1831000.00
13083	525000.00
13115	5304000.00
13129	12691000.00
13213	11154000.00
13223	502000.00
13233	3027000.00
13295	8719000.00
13313	1693000.00
13003	30099000.00
13017	23374000.00
13019	81271000.00
13027	74814000.00
13065	21533000.00
13069	88752000.00
13071	163969000.00
13075	56103000.00
13081	69338000.00
13093	69936000.00
13101	7391000.00
13155	101435000.00
13161	40792000.00
13173	20768000.00
13185	24638000.00
13271	4818000.00
13277	66353000.00
13287	50706000.00
13315	67716000.00
13321	139049000.00
13001	63898000.00
13005	31649000.00
13025	4023000.00
13029	2563000.00
13039	323000.00
13049	548000.00
13051	3846000.00
13109	16225000.00
13127	222000.00
13179	149000.00
13183	707000.00
13191	2232000.00
13229	39347000.00
13267	86699000.00
13279	46087000.00
13299	20041000.00
13305	26494000.00
13007	62467000.00
13037	67489000.00
13061	17173000.00
13087	189967000.00
13095	31625000.00
13099	78832000.00
13131	63578000.00
13177	 (D)
13201	64012000.00
13205	142781000.00
13239	 (D)
13243	48190000.00
13253	67807000.00
13259	11783000.00
13261	84350000.00
13273	65928000.00
13275	64950000.00
13307	15243000.00
13045	9023000.00
13053	 (D)
13063	33000.00
13077	5951000.00
13097	814000.00
13113	3603000.00
13143	345000.00
13145	1454000.00
13149	856000.00
13151	1922000.00
13171	10715000.00
13193	36161000.00
13197	5717000.00
13199	5701000.00
13215	17000.00
13231	2465000.00
13249	2021000.00
13255	1008000.00
13263	273000.00
13269	12615000.00
13285	985000.00
13293	1956000.00
15001	156384000.00
15007	55696000.00
15009	181480000.00
15003	145313000.00
16005	36125000.00
16007	10447000.00
16011	375047000.00
16019	146529000.00
16023	32391000.00
16029	67657000.00
16033	26435000.00
16037	8813000.00
16041	24543000.00
16043	141967000.00
16051	148544000.00
16059	4842000.00
16065	123497000.00
16071	18851000.00
16077	203458000.00
16081	30042000.00
16009	23114000.00
16017	6159000.00
16021	23414000.00
16035	7276000.00
16049	62547000.00
16055	19848000.00
16057	83065000.00
16061	59641000.00
16069	72273000.00
16079	46000.00
16013	27861000.00
16025	18045000.00
16031	257636000.00
16047	100806000.00
16053	145219000.00
16063	38316000.00
16067	267963000.00
16083	216047000.00
16001	44599000.00
16003	3401000.00
16015	1216000.00
16027	272381000.00
16039	94142000.00
16045	16565000.00
16073	93770000.00
16075	50270000.00
16085	1209000.00
16087	36994000.00
17039	137899000.00
17107	218519000.00
17115	202271000.00
17123	130981000.00
17125	178395000.00
17113	443866000.00
17129	79746000.00
17143	163591000.00
17175	125478000.00
17179	233801000.00
17203	188811000.00
17019	400918000.00
17053	158138000.00
17075	426369000.00
17091	259445000.00
17105	333374000.00
17147	183689000.00
17183	271266000.00
17023	91420000.00
17025	54114000.00
17029	131023000.00
17033	56874000.00
17035	61007000.00
17041	142358000.00
17045	 (D)
17049	83784000.00
17051	83836000.00
17079	74758000.00
17101	72669000.00
17121	52013000.00
17139	123870000.00
17159	43872000.00
17173	175808000.00
17007	88248000.00
17031	8482000.00
17037	336448000.00
17043	9556000.00
17063	124627000.00
17089	165018000.00
17093	86361000.00
17099	435104000.00
17097	25722000.00
17111	152569000.00
17197	159357000.00
17011	377913000.00
17015	188499000.00
17073	316858000.00
17085	83168000.00
17103	312905000.00
17131	178199000.00
17141	247179000.00
17155	79280000.00
17161	89974000.00
17177	180685000.00
17195	337218000.00
17201	84143000.00
17047	28850000.00
17055	40715000.00
17059	88938000.00
17065	54531000.00
17069	 (D)
17081	48877000.00
17127	32277000.00
17151	10278000.00
17165	38544000.00
17185	41449000.00
17191	105362000.00
17193	123679000.00
17003	25213000.00
17027	88328000.00
17077	59270000.00
17087	8538000.00
17133	90530000.00
17145	40193000.00
17153	27035000.00
17157	92977000.00
17163	106477000.00
17181	30920000.00
17189	94814000.00
17199	16685000.00
17001	130355000.00
17009	33344000.00
17057	152114000.00
17067	211695000.00
17071	117350000.00
17095	235198000.00
17109	185622000.00
17169	52694000.00
17187	239032000.00
17005	54067000.00
17013	19676000.00
17017	96266000.00
17021	261617000.00
17061	143325000.00
17083	65554000.00
17117	180369000.00
17119	123760000.00
17135	178693000.00
17137	173551000.00
17149	152100000.00
17167	336504000.00
17171	76377000.00
18005	85489000.00
18011	129227000.00
18023	178602000.00
18031	92423000.00
18053	124756000.00
18057	112834000.00
18059	92471000.00
18063	82180000.00
18067	113874000.00
18081	61464000.00
18095	150717000.00
18097	 (D)
18109	45467000.00
18139	98467000.00
18145	111513000.00
18159	131880000.00
18009	 (D)
18035	116998000.00
18041	33181000.00
18065	86164000.00
18075	99291000.00
18135	128434000.00
18161	36789000.00
18177	67629000.00
18015	136104000.00
18017	123832000.00
18039	83229000.00
18049	119518000.00
18085	132544000.00
18099	108503000.00
18103	105308000.00
18141	106901000.00
18169	116653000.00
18001	120397000.00
18003	149312000.00
18033	70002000.00
18069	114896000.00
18087	68528000.00
18113	82542000.00
18151	40678000.00
18179	140963000.00
18183	76052000.00
18007	170486000.00
18073	208497000.00
18091	179613000.00
18089	98874000.00
18111	128941000.00
18127	99542000.00
18131	125827000.00
18149	66274000.00
18181	169515000.00
18013	 (D)
18025	 (D)
18043	3622000.00
18061	27324000.00
18071	77912000.00
18093	22613000.00
18105	8672000.00
18117	14362000.00
18123	9641000.00
18175	55837000.00
18019	26486000.00
18029	9319000.00
18047	42592000.00
18077	31006000.00
18079	46095000.00
18115	3123000.00
18137	75793000.00
18143	23396000.00
18155	 (D)
18027	79603000.00
18037	52579000.00
18051	128313000.00
18055	54275000.00
18083	181853000.00
18101	13502000.00
18125	29031000.00
18129	122285000.00
18147	60270000.00
18153	72320000.00
18163	32541000.00
18173	36995000.00
18021	55590000.00
18045	 (D)
18107	147211000.00
18119	19438000.00
18121	52572000.00
18133	61535000.00
18157	132619000.00
18165	46101000.00
18167	46274000.00
18171	105883000.00
19015	226093000.00
19049	174661000.00
19075	277888000.00
19079	238880000.00
19083	261033000.00
19099	250868000.00
19127	235051000.00
19153	142113000.00
19157	210751000.00
19169	233151000.00
19171	278845000.00
19187	291462000.00
19011	275384000.00
19031	219282000.00
19045	268603000.00
19095	179463000.00
19097	107547000.00
19103	175250000.00
19105	164510000.00
19113	198462000.00
19139	135709000.00
19163	164978000.00
19023	197259000.00
19033	196940000.00
19067	184643000.00
19069	253825000.00
19081	234395000.00
19091	169698000.00
19109	463598000.00
19131	170688000.00
19189	167316000.00
19195	163330000.00
19197	256907000.00
19005	91309000.00
19013	187982000.00
19017	171705000.00
19019	247096000.00
19037	175628000.00
19043	192447000.00
19055	207258000.00
19061	120053000.00
19065	233164000.00
19089	184571000.00
19191	172824000.00
19021	256952000.00
19035	230038000.00
19041	235884000.00
19059	129924000.00
19063	156881000.00
19119	256519000.00
19141	231329000.00
19143	175562000.00
19147	274409000.00
19149	262413000.00
19151	263559000.00
19167	317798000.00
19007	21299000.00
19039	27567000.00
19053	32033000.00
19117	24380000.00
19121	86722000.00
19125	110989000.00
19135	32601000.00
19159	48708000.00
19175	54591000.00
19181	89811000.00
19185	47948000.00
19051	29344000.00
19057	97722000.00
19087	120936000.00
19101	73052000.00
19107	131590000.00
19111	91955000.00
19115	104828000.00
19123	170751000.00
19177	57965000.00
19179	62430000.00
19183	167270000.00
19001	123490000.00
19003	77967000.00
19029	131719000.00
19071	161550000.00
19129	115062000.00
19137	135016000.00
19145	161898000.00
19155	325485000.00
19173	84476000.00
19009	140837000.00
19025	211561000.00
19027	192219000.00
19047	264239000.00
19073	208725000.00
19077	135242000.00
19085	214185000.00
19093	163556000.00
19133	191551000.00
19161	216554000.00
19165	247386000.00
19193	235714000.00
20009	96206000.00
20041	82393000.00
20051	32578000.00
20053	34476000.00
20105	43230000.00
20115	77431000.00
20113	128177000.00
20159	98963000.00
20165	47687000.00
20167	36671000.00
20169	59490000.00
20003	40863000.00
20017	10825000.00
20031	32713000.00
20045	29068000.00
20059	55284000.00
20061	15493000.00
20091	16075000.00
20107	24767000.00
20111	35233000.00
20121	33884000.00
20127	32823000.00
20139	37234000.00
20177	41690000.00
20197	21525000.00
20027	80502000.00
20029	67590000.00
20089	105290000.00
20123	87948000.00
20141	47049000.00
20143	60033000.00
20147	48855000.00
20157	115977000.00
20163	56769000.00
20183	74549000.00
20201	99499000.00
20005	43294000.00
20013	120011000.00
20043	75461000.00
20085	23345000.00
20087	33316000.00
20103	25214000.00
20117	104099000.00
20131	78468000.00
20149	52353000.00
20161	36288000.00
20209	2705000.00
20023	75375000.00
20039	51378000.00
20065	44179000.00
20137	50952000.00
20153	69183000.00
20179	109299000.00
20181	131288000.00
20193	146097000.00
20007	45420000.00
20033	21783000.00
20047	126933000.00
20077	64427000.00
20079	112291000.00
20095	76391000.00
20097	63956000.00
20145	92111000.00
20151	125850000.00
20155	151667000.00
20173	130187000.00
20185	120219000.00
20191	149762000.00
20001	22317000.00
20011	15879000.00
20015	78784000.00
20019	 (D)
20021	70454000.00
20035	58870000.00
20037	51594000.00
20049	6746000.00
20073	17687000.00
20099	50948000.00
20125	48638000.00
20133	41322000.00
20205	46754000.00
20207	27018000.00
20025	16351000.00
20055	184485000.00
20057	114300000.00
20067	86023000.00
20069	139892000.00
20075	55383000.00
20081	107497000.00
20083	53206000.00
20093	80730000.00
20119	147138000.00
20129	58361000.00
20175	96079000.00
20187	79556000.00
20189	144543000.00
20063	68390000.00
20071	58936000.00
20101	31124000.00
20109	58541000.00
20135	45534000.00
20171	64648000.00
20195	35826000.00
20199	64411000.00
20203	 (D)
21005	4301000.00
21011	8994000.00
21017	37427000.00
21021	7079000.00
21049	11027000.00
21067	13576000.00
21069	17990000.00
21073	8125000.00
21079	10470000.00
21097	19436000.00
21113	5277000.00
21137	17546000.00
21151	8609000.00
21161	18418000.00
21167	9406000.00
21173	5908000.00
21181	10488000.00
21201	1768000.00
21209	13414000.00
21211	54844000.00
21215	10308000.00
21229	16106000.00
21239	9606000.00
21001	13832000.00
21003	14122000.00
21009	37738000.00
21027	34045000.00
21029	4619000.00
21031	23171000.00
21045	13926000.00
21053	3788000.00
21057	3208000.00
21061	6766000.00
21085	18291000.00
21087	21977000.00
21093	40700000.00
21099	14234000.00
21111	6174000.00
21123	31124000.00
21155	22682000.00
21163	18905000.00
21169	10545000.00
21171	18120000.00
21179	34336000.00
21207	7176000.00
21217	16852000.00
21227	54967000.00
21013	 (D)
21019	509000.00
21025	736000.00
21043	3104000.00
21051	3282000.00
21063	1388000.00
21065	2269000.00
21071	430000.00
21089	2824000.00
21095	152000.00
21109	2603000.00
21115	460000.00
21119	63000.00
21121	1379000.00
21125	6346000.00
21127	835000.00
21129	459000.00
21131	 (D)
21133	86000.00
21135	9063000.00
21153	674000.00
21159	 (D)
21147	366000.00
21165	1695000.00
21175	2896000.00
21189	1152000.00
21193	151000.00
21195	229000.00
21197	1563000.00
21199	23173000.00
21203	6609000.00
21205	2518000.00
21231	11697000.00
21235	1689000.00
21237	983000.00
21033	33393000.00
21047	149061000.00
21055	19882000.00
21059	115752000.00
21091	10175000.00
21101	73217000.00
21107	35144000.00
21141	96876000.00
21149	57774000.00
21177	24559000.00
21183	36372000.00
21213	44309000.00
21219	86922000.00
21225	89065000.00
21233	44319000.00
21015	8233000.00
21023	6801000.00
21037	3162000.00
21041	4503000.00
21077	4523000.00
21081	6594000.00
21103	18392000.00
21117	2277000.00
21185	9117000.00
21187	10478000.00
21191	8448000.00
21223	6700000.00
21007	31535000.00
21035	62882000.00
21039	34054000.00
21075	33715000.00
21083	86722000.00
21105	56841000.00
21139	10731000.00
21143	5290000.00
21157	14349000.00
21145	16288000.00
21221	38974000.00
22009	125611000.00
22025	88250000.00
22029	115736000.00
22039	52364000.00
22043	5886000.00
22059	354000.00
22077	124618000.00
22079	116703000.00
22097	114615000.00
22121	27839000.00
22033	2745000.00
22037	6692000.00
22063	1236000.00
22091	2115000.00
22103	6892000.00
22105	18346000.00
22117	11379000.00
22125	14340000.00
22013	1880000.00
22021	9663000.00
22027	1943000.00
22049	325000.00
22061	1472000.00
22073	26955000.00
22111	1389000.00
22127	712000.00
22035	191490000.00
22041	138498000.00
22065	154158000.00
22067	170710000.00
22083	119053000.00
22107	128932000.00
22123	70412000.00
22015	10765000.00
22017	42295000.00
22031	4458000.00
22081	12910000.00
22119	1740000.00
22007	63888000.00
22045	89626000.00
22047	65250000.00
22055	27168000.00
22099	48025000.00
22101	64714000.00
22005	17707000.00
22051	388000.00
22057	42735000.00
22071	214000.00
22075	5875000.00
22087	155000.00
22089	148000.00
22093	32763000.00
22095	9130000.00
22109	16175000.00
22001	107739000.00
22003	20175000.00
22011	9372000.00
22019	19900000.00
22023	11780000.00
22053	74344000.00
22113	98433000.00
22069	30240000.00
22085	1258000.00
22115	929000.00
23009	10114000.00
23019	16188000.00
23021	 (D)
23025	55384000.00
23027	 (D)
23029	 (D)
23003	192821000.00
23001	11875000.00
23005	17245000.00
23007	2557000.00
23011	14419000.00
23013	5431000.00
23015	5207000.00
23017	14482000.00
23023	6858000.00
23031	 (D)
24019	69700000.00
24039	26652000.00
24045	53609000.00
24047	51359000.00
24005	67632000.00
24013	75151000.00
24021	74543000.00
24025	31333000.00
24027	27700000.00
24031	41870000.00
24043	45424000.00
24003	16519000.00
24009	10618000.00
24017	10726000.00
24033	16431000.00
24037	19060000.00
24011	85467000.00
24015	68642000.00
24029	78393000.00
24035	103238000.00
24041	63708000.00
24001	1858000.00
24023	10923000.00
25001	9707000.00
25003	10140000.00
25005	29899000.00
25007	2509000.00
25009	18053000.00
25011	39064000.00
25013	17377000.00
25015	37203000.00
25017	68696000.00
25019	1391000.00
25021	9473000.00
25023	99671000.00
25025	156000.00
25027	39575000.00
26035	6172000.00
26051	13658000.00
26057	199091000.00
26073	78428000.00
26107	45979000.00
26111	47595000.00
26117	154177000.00
26133	13010000.00
26011	35825000.00
26017	157210000.00
26063	334344000.00
26145	223309000.00
26151	280054000.00
26157	226266000.00
26001	4591000.00
26007	9507000.00
26031	5615000.00
26039	70000.00
26069	6226000.00
26119	4295000.00
26129	13478000.00
26135	1178000.00
26137	6044000.00
26141	17469000.00
26143	290000.00
26009	15336000.00
26019	3320000.00
26029	5978000.00
26047	4444000.00
26055	13927000.00
26079	8109000.00
26089	17776000.00
26101	6492000.00
26113	31202000.00
26165	4829000.00
26015	47415000.00
26023	125375000.00
26025	86006000.00
26037	122553000.00
26045	99774000.00
26059	115914000.00
26065	101658000.00
26067	128514000.00
26075	54110000.00
26155	113439000.00
26149	190933000.00
26049	81039000.00
26087	91404000.00
26091	144060000.00
26093	38712000.00
26099	58381000.00
26115	166044000.00
26125	22664000.00
26147	97871000.00
26161	67584000.00
26163	26059000.00
26005	194085000.00
26021	145902000.00
26027	125673000.00
26077	194521000.00
26081	180389000.00
26139	300308000.00
26159	161414000.00
26003	890000.00
26013	783000.00
26033	5235000.00
26041	7632000.00
26043	2904000.00
26053	362000.00
26061	2126000.00
26071	3188000.00
26095	2954000.00
26097	1185000.00
26103	815000.00
26109	7914000.00
26131	1656000.00
26153	1365000.00
26085	2290000.00
26105	31689000.00
26121	46846000.00
26123	45412000.00
26127	64095000.00
27009	73886000.00
27019	87896000.00
27067	284147000.00
27085	178845000.00
27093	172231000.00
27097	111839000.00
27129	545492000.00
27139	69387000.00
27141	68984000.00
27143	237575000.00
27145	260956000.00
27153	94816000.00
27159	35827000.00
27171	148247000.00
27001	8247000.00
27003	38691000.00
27017	5401000.00
27025	43938000.00
27035	14541000.00
27053	53348000.00
27059	47929000.00
27065	19661000.00
27095	31157000.00
27115	30561000.00
27123	2479000.00
27163	78288000.00
27007	21371000.00
27021	10496000.00
27057	41805000.00
27061	6523000.00
27071	5155000.00
27077	17656000.00
27031	232000.00
27075	325000.00
27137	10220000.00
27005	177232000.00
27027	359311000.00
27029	14990000.00
27069	170689000.00
27087	90021000.00
27089	314981000.00
27107	263349000.00
27113	74336000.00
27119	572439000.00
27125	65624000.00
27135	136323000.00
27013	261754000.00
27015	220293000.00
27043	322708000.00
27047	286206000.00
27079	142022000.00
27091	330135000.00
27103	178136000.00
27131	147111000.00
27147	196145000.00
27161	179679000.00
27165	180832000.00
27037	187467000.00
27039	177607000.00
27045	207447000.00
27049	265223000.00
27055	74676000.00
27099	326595000.00
27109	164449000.00
27157	114983000.00
27169	107076000.00
27033	234022000.00
27063	251946000.00
27081	135170000.00
27083	241278000.00
27101	232560000.00
27105	242814000.00
27117	117297000.00
27127	364938000.00
27133	178097000.00
27011	138296000.00
27023	264086000.00
27041	89041000.00
27051	203140000.00
27073	252757000.00
27111	323752000.00
27121	172454000.00
27149	238023000.00
27151	240785000.00
27155	252191000.00
27167	300780000.00
27173	237791000.00
28007	12676000.00
28015	31745000.00
28019	1267000.00
28051	91271000.00
28079	2666000.00
28089	27487000.00
28097	10967000.00
28121	9144000.00
28123	4696000.00
28155	14148000.00
28017	30176000.00
28025	7180000.00
28069	1863000.00
28087	26786000.00
28095	45402000.00
28099	2279000.00
28103	67728000.00
28105	2275000.00
28159	3362000.00
28053	115734000.00
28055	 (D)
28083	189296000.00
28125	103932000.00
28133	244637000.00
28151	261669000.00
28163	139861000.00
28009	10579000.00
28013	72964000.00
28033	45083000.00
28043	6906000.00
28071	6555000.00
28093	27520000.00
28107	65790000.00
28137	30521000.00
28161	15845000.00
28003	17712000.00
28057	11857000.00
28081	40229000.00
28115	18936000.00
28117	12996000.00
28139	14650000.00
28141	5205000.00
28145	12904000.00
28031	6228000.00
28065	1756000.00
28073	3447000.00
28077	5777000.00
28091	2054000.00
28113	1673000.00
28127	6871000.00
28129	7574000.00
28147	4600000.00
28023	1497000.00
28035	4750000.00
28039	19257000.00
28041	10029000.00
28045	 (D)
28047	1580000.00
28059	12561000.00
28061	1562000.00
28067	4689000.00
28075	2702000.00
28101	4283000.00
28109	8054000.00
28111	5172000.00
28131	 (D)
28153	6839000.00
28001	8434000.00
28005	3836000.00
28021	8816000.00
28029	6410000.00
28037	2288000.00
28049	24968000.00
28063	14807000.00
28085	3210000.00
28149	30291000.00
28157	3008000.00
28011	276734000.00
28027	172567000.00
28119	 (D)
28135	163665000.00
28143	 (D)
29015	13012000.00
29019	34419000.00
29027	34075000.00
29029	1930000.00
29051	10516000.00
29053	45029000.00
29059	5489000.00
29085	4202000.00
29089	37015000.00
29105	7618000.00
29125	4576000.00
29131	4809000.00
29135	16298000.00
29141	12472000.00
29151	13940000.00
29159	54467000.00
29161	1857000.00
29167	9057000.00
29169	2008000.00
29195	155369000.00
29055	3112000.00
29071	27586000.00
29073	9253000.00
29099	6949000.00
29113	47855000.00
29139	47349000.00
29157	31753000.00
29183	52979000.00
29187	4604000.00
29189	18532000.00
29186	15592000.00
29219	24694000.00
29221	2301000.00
29001	20148000.00
29033	111305000.00
29041	89250000.00
29079	28332000.00
29115	39327000.00
29117	49960000.00
29121	35836000.00
29129	19068000.00
29171	16606000.00
29175	21478000.00
29197	14841000.00
29211	18229000.00
29007	89658000.00
29045	51825000.00
29103	37762000.00
29111	51946000.00
29127	53674000.00
29137	49947000.00
29163	54922000.00
29173	41953000.00
29199	36718000.00
29205	59084000.00
29003	46225000.00
29005	147023000.00
29021	60492000.00
29025	24241000.00
29047	19447000.00
29049	38632000.00
29061	38660000.00
29063	36441000.00
29075	35570000.00
29081	58835000.00
29087	90958000.00
29147	114630000.00
29165	37545000.00
29177	53423000.00
29227	13752000.00
29017	16490000.00
29035	1046000.00
29065	1852000.00
29067	2928000.00
29091	2431000.00
29093	886000.00
29123	1793000.00
29149	1183000.00
29153	2072000.00
29179	1222000.00
29181	10669000.00
29203	1204000.00
29213	1269000.00
29215	3703000.00
29223	1555000.00
29225	6423000.00
29229	3256000.00
29023	123103000.00
29031	52149000.00
29069	196914000.00
29133	153775000.00
29143	216974000.00
29155	185947000.00
29201	130314000.00
29207	256080000.00
29009	6279000.00
29011	73277000.00
29043	3459000.00
29057	33252000.00
29077	7208000.00
29097	32605000.00
29109	15166000.00
29119	3651000.00
29145	15032000.00
29209	3672000.00
29013	63996000.00
29037	60217000.00
29039	6811000.00
29083	34984000.00
29095	25426000.00
29101	46190000.00
29107	115469000.00
29185	14351000.00
29217	62212000.00
30007	21430000.00
30013	53547000.00
30027	71745000.00
30037	7460000.00
30045	28494000.00
30049	18370000.00
30059	9480000.00
30065	10390000.00
30069	12332000.00
30107	10647000.00
30005	71586000.00
30015	159038000.00
30035	68173000.00
30041	138597000.00
30051	68912000.00
30071	58401000.00
30073	84119000.00
30099	82064000.00
30101	81945000.00
30019	87040000.00
30021	55488000.00
30033	27039000.00
30055	77755000.00
30083	93696000.00
30085	113026000.00
30091	114836000.00
30105	119097000.00
30023	1858000.00
30029	27593000.00
30039	3351000.00
30047	24269000.00
30053	1007000.00
30061	260000.00
30063	4051000.00
30077	7648000.00
30081	10481000.00
30089	5524000.00
30003	53066000.00
30009	25966000.00
30067	13126000.00
30095	12989000.00
30097	4276000.00
30103	22387000.00
30111	60667000.00
30011	12429000.00
30017	21165000.00
30025	12047000.00
30075	8116000.00
30079	14947000.00
30087	25759000.00
30109	15888000.00
30001	31189000.00
30031	58802000.00
30043	4380000.00
30057	27275000.00
30093	773000.00
31019	272389000.00
31041	292956000.00
31047	283448000.00
31077	85428000.00
31079	232843000.00
31093	112048000.00
31163	78019000.00
31175	95415000.00
31023	184934000.00
31025	140172000.00
31037	115678000.00
31053	197962000.00
31055	54176000.00
31081	272201000.00
31109	146709000.00
31121	161195000.00
31125	71932000.00
31141	236952000.00
31143	167047000.00
31153	47968000.00
31155	224355000.00
31159	184071000.00
31177	102595000.00
31185	302771000.00
31005	9208000.00
31009	5641000.00
31015	18981000.00
31017	39369000.00
31031	79896000.00
31071	22590000.00
31075	 (D)
31089	329256000.00
31091	1879000.00
31103	29151000.00
31113	26232000.00
31115	7769000.00
31117	5873000.00
31149	39273000.00
31171	 (D)
31183	35277000.00
31003	256378000.00
31011	194302000.00
31021	150263000.00
31027	163112000.00
31039	140001000.00
31043	65218000.00
31051	71086000.00
31107	93664000.00
31119	149324000.00
31139	147350000.00
31167	63997000.00
31173	93562000.00
31179	92911000.00
31007	24126000.00
31013	168614000.00
31033	89752000.00
31045	21060000.00
31049	40489000.00
31069	37829000.00
31105	50746000.00
31123	114100000.00
31157	160867000.00
31161	83767000.00
31165	29702000.00
31001	262135000.00
31061	103687000.00
31065	98374000.00
31073	110082000.00
31083	126402000.00
31099	231842000.00
31137	264070000.00
31181	91717000.00
31035	211743000.00
31059	261289000.00
31067	174879000.00
31095	136629000.00
31097	43783000.00
31127	96597000.00
31129	137716000.00
31131	133304000.00
31133	57332000.00
31147	114978000.00
31151	171808000.00
31169	186208000.00
31029	183172000.00
31057	105842000.00
31063	66175000.00
31085	73298000.00
31087	42893000.00
31101	138487000.00
31111	264672000.00
31135	182411000.00
31145	82467000.00
32007	14642000.00
32011	29246000.00
32015	27028000.00
32033	9057000.00
32510	 (D)
32001	31004000.00
32005	 (D)
32013	102440000.00
32019	58229000.00
32027	32934000.00
32029	 (D)
32031	8205000.00
32003	3291000.00
32009	12907000.00
32017	13986000.00
32021	499000.00
32023	 (D)
33001	4752000.00
33003	3458000.00
33005	6860000.00
33007	4907000.00
33009	5822000.00
33011	15740000.00
33013	35150000.00
33015	12679000.00
33017	6009000.00
33019	5337000.00
34005	96197000.00
34021	16394000.00
34023	28851000.00
34025	67185000.00
34029	9732000.00
34003	5003000.00
34013	 (D)
34019	57319000.00
34027	27206000.00
34031	3180000.00
34035	20711000.00
34037	11590000.00
34039	 (D)
34041	54662000.00
34001	123140000.00
34007	15884000.00
34009	7501000.00
34011	165553000.00
34015	82308000.00
34033	94077000.00
35007	2145000.00
35009	31337000.00
35011	8846000.00
35019	380000.00
35021	285000.00
35033	1151000.00
35037	2339000.00
35041	18330000.00
35047	956000.00
35057	23343000.00
35059	16862000.00
35001	7530000.00
35006	 (D)
35028	 (D)
35031	623000.00
35039	7113000.00
35045	63365000.00
35043	5605000.00
35049	9597000.00
35055	3453000.00
35061	13288000.00
35005	45137000.00
35013	166853000.00
35015	50489000.00
35025	40738000.00
35027	536000.00
35035	8050000.00
35003	163000.00
35017	2086000.00
35023	16885000.00
35029	39948000.00
35051	17561000.00
35053	11794000.00
36011	99211000.00
36017	14722000.00
36023	13471000.00
36043	17711000.00
36053	31094000.00
36065	42170000.00
36067	48302000.00
36075	22499000.00
36077	23760000.00
36001	31072000.00
36035	3368000.00
36057	21498000.00
36083	28075000.00
36091	19456000.00
36093	2943000.00
36095	15388000.00
36115	26934000.00
36047	 (D)
36059	2991000.00
36081	154000.00
36085	961000.00
36103	204504000.00
36019	42340000.00
36031	5573000.00
36033	19540000.00
36041	 (D)
36113	 (D)
36045	45254000.00
36049	23634000.00
36089	38816000.00
36021	35906000.00
36025	9315000.00
36027	26022000.00
36039	9733000.00
36071	72045000.00
36079	3001000.00
36087	1674000.00
36105	4055000.00
36111	46396000.00
36119	4192000.00
36007	7040000.00
36015	6610000.00
36097	12962000.00
36107	11324000.00
36109	22691000.00
36003	20889000.00
36009	25088000.00
36013	73787000.00
36101	81300000.00
36029	61682000.00
36037	85189000.00
36051	80742000.00
36055	81342000.00
36063	76305000.00
36069	77235000.00
36073	138467000.00
36099	52506000.00
36117	149398000.00
36121	77920000.00
36123	43971000.00
37013	103027000.00
37031	28872000.00
37049	37742000.00
37079	75925000.00
37095	 (D)
37101	153612000.00
37103	30809000.00
37107	97146000.00
37137	 (D)
37147	111214000.00
37191	158348000.00
37195	151365000.00
37003	10812000.00
37035	19810000.00
37037	9001000.00
37057	21746000.00
37059	12612000.00
37097	37242000.00
37105	17204000.00
37151	23987000.00
37159	50770000.00
37183	61407000.00
37015	84156000.00
37029	 (D)
37041	57557000.00
37053	25836000.00
37055	 (D)
37065	98214000.00
37073	30662000.00
37083	86838000.00
37091	53918000.00
37117	84544000.00
37127	112024000.00
37131	75665000.00
37139	68610000.00
37143	59200000.00
37177	 (D)
37187	65281000.00
37005	20585000.00
37009	40553000.00
37011	16535000.00
37027	9560000.00
37171	45566000.00
37189	5874000.00
37193	18716000.00
37197	33411000.00
37001	15406000.00
37033	17697000.00
37063	7812000.00
37067	14368000.00
37069	56411000.00
37077	19231000.00
37081	32704000.00
37135	15472000.00
37145	36324000.00
37157	24367000.00
37169	11441000.00
37181	16896000.00
37185	13778000.00
37017	59676000.00
37019	27960000.00
37047	82765000.00
37051	42275000.00
37061	133773000.00
37085	73645000.00
37093	25233000.00
37129	5299000.00
37133	29278000.00
37141	33759000.00
37155	144335000.00
37163	223102000.00
37165	20122000.00
37007	16905000.00
37025	13874000.00
37045	21948000.00
37071	5120000.00
37109	9716000.00
37119	 (D)
37123	9274000.00
37125	15175000.00
37153	11653000.00
37167	32646000.00
37179	128368000.00
37021	39258000.00
37023	11340000.00
37039	7963000.00
37043	2551000.00
37075	551000.00
37087	6428000.00
37089	54193000.00
37099	7685000.00
37113	2027000.00
37115	3815000.00
37111	17205000.00
37121	2001000.00
37149	5611000.00
37161	3271000.00
37173	327000.00
37175	16592000.00
37199	4124000.00
38027	94787000.00
38031	136197000.00
38043	107062000.00
38083	98135000.00
38093	418246000.00
38103	258646000.00
38003	366867000.00
38017	549222000.00
38039	117015000.00
38091	207081000.00
38097	306729000.00
38005	222997000.00
38009	241696000.00
38049	143323000.00
38069	128604000.00
38079	97999000.00
38019	328472000.00
38035	406463000.00
38063	136013000.00
38067	400662000.00
38071	228172000.00
38095	179530000.00
38099	416885000.00
38013	96392000.00
38023	85291000.00
38061	134483000.00
38075	153007000.00
38101	256070000.00
38105	167572000.00
38015	130901000.00
38029	138632000.00
38037	110368000.00
38059	152179000.00
38085	29552000.00
38021	235211000.00
38045	259863000.00
38047	86069000.00
38051	105232000.00
38073	153108000.00
38077	509246000.00
38081	219934000.00
38001	83073000.00
38007	17648000.00
38011	60312000.00
38033	43647000.00
38041	145397000.00
38087	48647000.00
38089	118697000.00
38025	75570000.00
38053	78937000.00
38055	270674000.00
38057	56262000.00
38065	51510000.00
39041	107887000.00
39045	84070000.00
39047	126175000.00
39049	46387000.00
39083	80210000.00
39089	101728000.00
39097	153819000.00
39101	112350000.00
39117	93344000.00
39129	135761000.00
39141	69836000.00
39159	142869000.00
39013	4410000.00
39019	20239000.00
39031	32562000.00
39067	7769000.00
39075	42791000.00
39081	3788000.00
39157	23668000.00
39005	54917000.00
39033	142931000.00
39043	81334000.00
39077	154464000.00
39093	160624000.00
39123	77847000.00
39139	66519000.00
39143	126460000.00
39147	148389000.00
39175	131365000.00
39007	61185000.00
39029	38141000.00
39035	10061000.00
39055	17901000.00
39085	81334000.00
39099	30032000.00
39103	42451000.00
39133	32187000.00
39151	66142000.00
39153	9784000.00
39155	47859000.00
39169	103706000.00
39003	109811000.00
39039	86180000.00
39051	121977000.00
39063	146881000.00
39069	142496000.00
39095	62974000.00
39125	102955000.00
39137	181931000.00
39161	153066000.00
39171	83403000.00
39173	193447000.00
39001	26693000.00
39015	73087000.00
39053	7811000.00
39071	106277000.00
39079	4716000.00
39087	2777000.00
39131	22916000.00
39145	14093000.00
39009	5463000.00
39059	7873000.00
39073	4254000.00
39105	9671000.00
39111	4428000.00
39115	5078000.00
39119	30122000.00
39121	3619000.00
39127	30514000.00
39163	3875000.00
39167	18051000.00
39017	52310000.00
39025	54136000.00
39027	148248000.00
39057	87025000.00
39061	14504000.00
39113	64974000.00
39135	102023000.00
39165	60766000.00
39011	115541000.00
39021	112985000.00
39023	116745000.00
39037	180379000.00
39065	146501000.00
39091	122173000.00
39107	153143000.00
39109	101093000.00
39149	123665000.00
40017	51966000.00
40027	6646000.00
40037	4474000.00
40051	29103000.00
40073	63461000.00
40081	10371000.00
40083	20751000.00
40087	12713000.00
40107	4611000.00
40109	14504000.00
40119	9009000.00
40125	8491000.00
40133	3972000.00
40001	2512000.00
40021	105174000.00
40061	2460000.00
40063	5469000.00
40091	2923000.00
40101	21398000.00
40111	7519000.00
40121	6549000.00
40135	12763000.00
40003	61823000.00
40047	93745000.00
40053	71076000.00
40071	57663000.00
40093	41325000.00
40103	29646000.00
40151	35493000.00
40153	15665000.00
40035	11611000.00
40041	4668000.00
40097	6093000.00
40105	4926000.00
40113	7493000.00
40115	50694000.00
40117	3901000.00
40131	7780000.00
40143	14788000.00
40145	19556000.00
40147	7181000.00
40007	32994000.00
40025	65716000.00
40045	13134000.00
40059	13933000.00
40139	151942000.00
40005	4192000.00
40013	19446000.00
40019	5593000.00
40029	4139000.00
40049	17159000.00
40067	6206000.00
40069	3812000.00
40085	4647000.00
40095	3822000.00
40099	2307000.00
40123	6358000.00
40137	5281000.00
40023	6273000.00
40077	2085000.00
40079	18901000.00
40089	11819000.00
40127	1417000.00
40015	60383000.00
40031	17002000.00
40033	29616000.00
40055	20105000.00
40057	27747000.00
40065	41847000.00
40075	63668000.00
40141	55004000.00
40009	19261000.00
40011	41812000.00
40039	49847000.00
40043	20897000.00
40129	12913000.00
40149	62324000.00
41021	37285000.00
41027	 (D)
41049	194871000.00
41055	 (D)
41065	79599000.00
41001	46089000.00
41059	371988000.00
41061	51274000.00
41063	22144000.00
41003	80825000.00
41005	249520000.00
41007	1420000.00
41009	 (D)
41039	106283000.00
41041	1692000.00
41043	186061000.00
41047	483009000.00
41051	 (D)
41053	116238000.00
41057	3037000.00
41067	225459000.00
41071	221697000.00
41013	13562000.00
41017	11127000.00
41023	5661000.00
41025	37088000.00
41031	47249000.00
41035	102578000.00
41037	45092000.00
41045	182344000.00
41069	3240000.00
41011	10805000.00
41015	9584000.00
41019	23495000.00
41029	36955000.00
41033	 (D)
42013	17467000.00
42021	18117000.00
42027	31431000.00
42033	7279000.00
42037	48714000.00
42043	28705000.00
42061	18191000.00
42067	14299000.00
42087	16676000.00
42093	28511000.00
42097	57058000.00
42099	27727000.00
42109	27150000.00
42119	25949000.00
42025	8534000.00
42077	63218000.00
42079	17259000.00
42089	7335000.00
42095	36053000.00
42103	2706000.00
42107	76823000.00
42015	29151000.00
42023	314000.00
42035	12232000.00
42047	2015000.00
42081	38877000.00
42083	2440000.00
42105	11242000.00
42113	2545000.00
42117	21241000.00
42069	9427000.00
42115	8974000.00
42127	6785000.00
42131	8369000.00
42039	51457000.00
42049	70163000.00
42053	707000.00
42085	46664000.00
42121	10179000.00
42123	6834000.00
42001	114024000.00
42009	36473000.00
42041	59386000.00
42055	89217000.00
42057	13092000.00
42133	147217000.00
42011	224986000.00
42017	46869000.00
42029	535206000.00
42045	9680000.00
42071	261037000.00
42075	45770000.00
42091	18398000.00
42101	727000.00
42003	8755000.00
42051	14221000.00
42059	5722000.00
42111	27139000.00
42125	18787000.00
42129	27006000.00
42005	20185000.00
42007	10879000.00
42019	36846000.00
42031	20145000.00
42063	39276000.00
42065	12439000.00
42073	20607000.00
44001	2147000.00
44003	3498000.00
44005	12153000.00
44007	10954000.00
44009	20229000.00
45017	55439000.00
45027	74322000.00
45061	60886000.00
45063	42681000.00
45075	124644000.00
45079	23096000.00
45085	48089000.00
45025	 (D)
45031	75496000.00
45033	50997000.00
45041	53177000.00
45043	12596000.00
45051	79650000.00
45067	28363000.00
45069	45447000.00
45089	51412000.00
45023	 (D)
45039	1545000.00
45055	4795000.00
45057	3501000.00
45091	 (D)
45007	 (D)
45021	9776000.00
45045	13524000.00
45059	 (D)
45073	6081000.00
45077	5593000.00
45083	19557000.00
45087	1894000.00
45005	22860000.00
45009	26008000.00
45011	 (D)
45013	 (D)
45015	6008000.00
45019	 (D)
45029	32011000.00
45035	23538000.00
45049	34248000.00
45053	5984000.00
45001	2984000.00
45003	15743000.00
45037	32730000.00
45047	2223000.00
45065	1177000.00
45071	 (D)
45081	27527000.00
46003	68196000.00
46005	190063000.00
46015	76953000.00
46017	22972000.00
46059	197905000.00
46065	87163000.00
46069	63078000.00
46073	62010000.00
46119	186494000.00
46011	162340000.00
46035	50170000.00
46061	67135000.00
46077	175284000.00
46079	112379000.00
46087	96689000.00
46097	74947000.00
46099	164228000.00
46101	131252000.00
46111	69389000.00
46013	462905000.00
46021	62126000.00
46045	186317000.00
46049	156409000.00
46089	84627000.00
46107	140531000.00
46115	334151000.00
46129	89049000.00
46025	159568000.00
46029	108293000.00
46037	158390000.00
46039	93232000.00
46051	135881000.00
46057	124886000.00
46091	146118000.00
46109	200141000.00
46019	17320000.00
46031	59621000.00
46041	29240000.00
46063	17114000.00
46105	43281000.00
46137	19261000.00
46053	39961000.00
46075	40121000.00
46085	95031000.00
46095	13929000.00
46121	15910000.00
46123	86671000.00
46009	41325000.00
46023	102917000.00
46027	79678000.00
46043	41558000.00
46067	71342000.00
46083	103441000.00
46125	100867000.00
46127	106501000.00
46135	56866000.00
46007	22270000.00
46033	2871000.00
46047	6474000.00
46102	8720000.00
46055	33129000.00
46071	17969000.00
46081	2424000.00
46093	25425000.00
46103	29599000.00
46117	40815000.00
47003	10533000.00
47015	10401000.00
47027	4347000.00
47037	 (D)
47041	57338000.00
47055	16855000.00
47087	2353000.00
47103	37071000.00
47111	26718000.00
47117	4646000.00
47119	15914000.00
47127	 (D)
47149	15431000.00
47159	7605000.00
47165	24389000.00
47169	2980000.00
47187	10865000.00
47189	3022000.00
47007	10618000.00
47031	39312000.00
47035	12948000.00
47049	3645000.00
47051	35715000.00
47061	8543000.00
47115	6083000.00
47129	1178000.00
47133	3172000.00
47137	1096000.00
47141	2675000.00
47151	432000.00
47153	1062000.00
47175	972000.00
47177	70221000.00
47185	3779000.00
47045	102853000.00
47095	51674000.00
47097	94562000.00
47131	102203000.00
47157	29977000.00
47167	65451000.00
47001	759000.00
47009	6214000.00
47011	6382000.00
47013	745000.00
47019	1616000.00
47025	2256000.00
47029	10228000.00
47057	10911000.00
47059	13082000.00
47063	11111000.00
47065	2106000.00
47067	564000.00
47073	6597000.00
47089	4688000.00
47091	2178000.00
47093	8672000.00
47105	59861000.00
47107	4605000.00
47121	1321000.00
47123	7413000.00
47139	3423000.00
47143	9275000.00
47145	1022000.00
47155	1160000.00
47163	1735000.00
47171	109000.00
47173	461000.00
47179	12925000.00
47005	7337000.00
47017	59128000.00
47023	8115000.00
47033	59262000.00
47039	4515000.00
47047	67915000.00
47053	137332000.00
47069	26376000.00
47071	18081000.00
47075	123842000.00
47077	26094000.00
47079	56847000.00
47113	62369000.00
47109	20111000.00
47183	85483000.00
47021	8396000.00
47043	5576000.00
47081	6514000.00
47083	441000.00
47085	8600000.00
47099	33291000.00
47101	486000.00
47125	36376000.00
47135	829000.00
47147	113005000.00
47161	5652000.00
47181	3377000.00
48027	58592000.00
48035	50172000.00
48085	50811000.00
48097	18507000.00
48099	16183000.00
48113	38198000.00
48119	15741000.00
48121	35317000.00
48139	67356000.00
48145	55025000.00
48147	39811000.00
48181	66859000.00
48193	10717000.00
48217	80466000.00
48231	44771000.00
48251	19919000.00
48257	20295000.00
48277	40522000.00
48293	12346000.00
48309	74815000.00
48331	38485000.00
48349	31422000.00
48397	2007000.00
48439	25191000.00
48491	74987000.00
48007	198000.00
48273	 (D)
48355	78243000.00
48391	32766000.00
48409	68324000.00
48009	12774000.00
48049	7527000.00
48059	5837000.00
48077	12479000.00
48093	26780000.00
48133	8508000.00
48143	18473000.00
48221	8557000.00
48237	2279000.00
48333	5403000.00
48337	8419000.00
48363	9900000.00
48367	15429000.00
48417	2589000.00
48425	1183000.00
48429	1069000.00
48447	8724000.00
48497	16410000.00
48503	7999000.00
48001	13645000.00
48037	13979000.00
48063	3080000.00
48067	5300000.00
48073	89696000.00
48159	3775000.00
48183	1347000.00
48203	4978000.00
48213	17357000.00
48223	12905000.00
48225	13915000.00
48315	553000.00
48343	2280000.00
48347	5718000.00
48365	5626000.00
48379	4752000.00
48387	14201000.00
48401	19263000.00
48419	9715000.00
48423	59512000.00
48449	3628000.00
48459	4607000.00
48467	47241000.00
48499	6600000.00
48005	4292000.00
48041	12410000.00
48161	5769000.00
48185	11057000.00
48199	3219000.00
48241	5618000.00
48289	9970000.00
48313	 (D)
48339	11499000.00
48351	1043000.00
48373	2409000.00
48395	33205000.00
48403	566000.00
48405	1243000.00
48407	2376000.00
48455	1696000.00
48457	14293000.00
48471	18580000.00
48473	70397000.00
48019	1263000.00
48031	9052000.00
48053	3729000.00
48081	2058000.00
48095	14229000.00
48105	45000.00
48137	608000.00
48171	11311000.00
48235	770000.00
48259	2115000.00
48265	1313000.00
48267	 (D)
48271	1165000.00
48281	2924000.00
48299	1431000.00
48319	4996000.00
48307	8622000.00
48327	1252000.00
48383	7146000.00
48385	201000.00
48411	9349000.00
48413	2808000.00
48431	 (D)
48435	495000.00
48451	32596000.00
48461	8066000.00
48463	61890000.00
48465	407000.00
48061	147427000.00
48215	415208000.00
48427	27145000.00
48489	78386000.00
48011	8084000.00
48045	12786000.00
48065	50643000.00
48069	155645000.00
48111	166299000.00
48117	79899000.00
48153	 (D)
48179	24346000.00
48189	129176000.00
48195	110704000.00
48205	193986000.00
48211	3017000.00
48233	32147000.00
48295	8878000.00
48341	117569000.00
48357	62118000.00
48359	2765000.00
48369	131697000.00
48375	1621000.00
48381	15858000.00
48393	5173000.00
48421	129479000.00
48437	44746000.00
48033	5338000.00
48075	13006000.00
48087	29939000.00
48101	5328000.00
48125	8097000.00
48129	13447000.00
48155	6195000.00
48169	8722000.00
48191	18389000.00
48197	9144000.00
48263	 (D)
48269	 (D)
48345	3139000.00
48483	9172000.00
48485	19554000.00
48487	31414000.00
48015	17475000.00
48021	11901000.00
48025	9939000.00
48029	54705000.00
48051	34301000.00
48055	11178000.00
48089	44446000.00
48091	 (D)
48123	7588000.00
48149	13794000.00
48175	3818000.00
48177	23246000.00
48187	30332000.00
48209	7313000.00
48255	10705000.00
48285	12582000.00
48287	12870000.00
48325	64889000.00
48453	34155000.00
48477	11393000.00
48493	27914000.00
48013	27793000.00
48047	547000.00
48127	8574000.00
48131	956000.00
48163	109089000.00
48247	 (D)
48249	35240000.00
48261	 (D)
48283	11940000.00
48297	2836000.00
48323	2622000.00
48311	430000.00
48479	842000.00
48505	4562000.00
48507	28977000.00
48003	5819000.00
48017	31776000.00
48079	 (D)
48107	67206000.00
48115	70918000.00
48165	175454000.00
48173	23097000.00
48219	70121000.00
48227	4642000.00
48279	116543000.00
48303	95860000.00
48305	65765000.00
48317	18002000.00
48329	11301000.00
48445	88317000.00
48501	73282000.00
48023	14843000.00
48083	11388000.00
48151	20153000.00
48207	28616000.00
48253	29683000.00
48275	19127000.00
48335	12918000.00
48353	12395000.00
48399	29542000.00
48415	13019000.00
48433	2525000.00
48441	10421000.00
48043	1035000.00
48103	23000.00
48109	6612000.00
48135	634000.00
48141	39634000.00
48229	24716000.00
48243	 (D)
48371	27595000.00
48377	 (D)
48389	10864000.00
48443	 (D)
48475	116000.00
48495	 (D)
48039	71568000.00
48057	28309000.00
48071	15049000.00
48157	91886000.00
48167	3871000.00
48201	47426000.00
48239	73997000.00
48245	21590000.00
48291	14705000.00
48321	77024000.00
48361	1918000.00
48469	27784000.00
48481	270754000.00
49023	11531000.00
49027	74824000.00
49039	21838000.00
49041	19866000.00
49049	98246000.00
49007	2433000.00
49009	778000.00
49013	18977000.00
49015	5092000.00
49019	2267000.00
49037	4355000.00
49043	3137000.00
49047	21290000.00
49051	3167000.00
49003	76316000.00
49005	37542000.00
49011	31559000.00
49029	3407000.00
49033	4473000.00
49035	14048000.00
49045	11385000.00
49057	16713000.00
49001	21581000.00
49017	3618000.00
49021	53525000.00
49025	789000.00
49031	1846000.00
49053	6458000.00
49055	3039000.00
50001	28318000.00
50003	7903000.00
50005	6748000.00
50007	19854000.00
50009	3945000.00
50011	31586000.00
50013	5638000.00
50015	9519000.00
50017	13483000.00
50019	14305000.00
50021	10230000.00
50023	7031000.00
50025	11359000.00
50027	7807000.00
51003	19481000.00
51007	12936000.00
51009	3259000.00
51011	4429000.00
51019	6950000.00
51029	6472000.00
51031	6499000.00
51033	19678000.00
51041	3803000.00
51049	3848000.00
51065	2965000.00
51075	8311000.00
51079	1573000.00
51085	47004000.00
51087	9218000.00
51109	6801000.00
51125	10377000.00
51137	64929000.00
51145	3909000.00
51147	1920000.00
51177	4004000.00
51001	59778000.00
51036	 (D)
51057	22434000.00
51073	10691000.00
51095	1565000.00
51097	 (D)
51099	3184000.00
51101	14053000.00
51103	4690000.00
51115	2235000.00
51119	10417000.00
51127	6716000.00
51131	61436000.00
51133	20999000.00
51159	14648000.00
51193	30725000.00
51199	2076000.00
51013	 (D)
51043	8573000.00
51047	25645000.00
51059	3234000.00
51061	21587000.00
51069	24874000.00
51107	26089000.00
51113	11542000.00
51139	6254000.00
51153	5807000.00
51157	3668000.00
51165	47606000.00
51171	19429000.00
51179	1342000.00
51187	2143000.00
51025	17252000.00
51550	 (D)
51053	20412000.00
51081	20587000.00
51093	33025000.00
51117	35386000.00
51149	9876000.00
51175	67002000.00
51800	58963000.00
51181	19366000.00
51183	 (D)
51810	16803000.00
51037	11104000.00
51067	14726000.00
51083	23171000.00
51089	 (D)
51111	13546000.00
51135	6166000.00
51141	7462000.00
51143	36912000.00
51021	1222000.00
51027	222000.00
51035	11178000.00
51051	167000.00
51063	14354000.00
51071	1615000.00
51077	5968000.00
51105	4335000.00
51121	6694000.00
51155	2379000.00
51167	2934000.00
51169	4233000.00
51173	3846000.00
51185	1958000.00
51191	6633000.00
51195	 (D)
51197	6677000.00
51005	 (D)
51015	27685000.00
51017	1340000.00
51023	6063000.00
51045	1299000.00
51091	1362000.00
51161	 (D)
51163	6974000.00
53005	 (D)
53007	202854000.00
53037	47157000.00
53039	58114000.00
53047	249837000.00
53077	1069497000.00
53001	339990000.00
53017	195912000.00
53021	503196000.00
53025	1333149000.00
53043	173610000.00
53019	2880000.00
53051	2315000.00
53063	132862000.00
53065	17401000.00
53003	16376000.00
53013	53936000.00
53023	44328000.00
53071	 (D)
53075	352378000.00
53009	4136000.00
53011	18856000.00
53015	 (D)
53027	16697000.00
53029	3281000.00
53031	1740000.00
53033	44012000.00
53035	3714000.00
53041	29075000.00
53045	2513000.00
53049	7437000.00
53053	23896000.00
53055	2582000.00
53057	201007000.00
53059	1535000.00
53061	63216000.00
53067	48843000.00
53069	288000.00
53073	119816000.00
54003	23982000.00
54023	1237000.00
54025	2126000.00
54027	7564000.00
54031	5164000.00
54037	15997000.00
54057	1540000.00
54063	2977000.00
54065	2332000.00
54071	2873000.00
54075	1042000.00
54083	2044000.00
54089	1272000.00
54093	497000.00
54001	1163000.00
54009	282000.00
54017	766000.00
54029	344000.00
54033	2401000.00
54041	985000.00
54049	951000.00
54051	1363000.00
54061	1118000.00
54069	714000.00
54073	 (D)
54077	5099000.00
54085	1149000.00
54091	714000.00
54095	786000.00
54097	1277000.00
54103	517000.00
54107	1892000.00
54005	21000.00
54007	970000.00
54011	1002000.00
54013	378000.00
54015	158000.00
54019	720000.00
54021	388000.00
54035	2119000.00
54039	441000.00
54043	341000.00
54045	53000.00
54053	25251000.00
54047	 (D)
54055	1302000.00
54059	 (D)
54067	768000.00
54079	8413000.00
54081	739000.00
54087	1473000.00
54099	416000.00
54101	208000.00
54105	643000.00
54109	11000.00
55001	93482000.00
55047	61134000.00
55057	77954000.00
55077	38238000.00
55097	211922000.00
55135	50604000.00
55137	104150000.00
55141	85288000.00
55009	53545000.00
55015	54359000.00
55029	38062000.00
55039	110823000.00
55061	58942000.00
55071	74810000.00
55087	105588000.00
55117	65621000.00
55139	52283000.00
55003	2517000.00
55019	91893000.00
55051	 (D)
55069	10060000.00
55073	97004000.00
55085	17174000.00
55099	7209000.00
55119	33739000.00
55125	9746000.00
55037	 (D)
55041	1767000.00
55067	60671000.00
55075	29101000.00
55083	65007000.00
55115	66100000.00
55005	99665000.00
55007	4913000.00
55013	14428000.00
55017	96472000.00
55031	4061000.00
55095	67623000.00
55107	18237000.00
55113	10135000.00
55129	15636000.00
55021	119418000.00
55025	184483000.00
55027	170936000.00
55045	72679000.00
55055	108457000.00
55105	165875000.00
55059	48242000.00
55079	7582000.00
55089	24175000.00
55101	73606000.00
55127	79039000.00
55131	48905000.00
55133	41811000.00
55023	37653000.00
55043	129081000.00
55049	58336000.00
55065	98878000.00
55103	32612000.00
55111	71128000.00
55123	71183000.00
55011	72492000.00
55033	128711000.00
55035	56187000.00
55053	90227000.00
55063	38709000.00
55081	91641000.00
55091	27821000.00
55093	94416000.00
55109	107424000.00
55121	87598000.00
56005	3540000.00
56011	5761000.00
56019	4624000.00
56033	9853000.00
56045	2230000.00
56003	53075000.00
56013	50986000.00
56017	2091000.00
56029	63583000.00
56043	26570000.00
56001	8023000.00
56007	11219000.00
56025	7077000.00
56037	7438000.00
56009	6163000.00
56015	66075000.00
56021	46494000.00
56027	8175000.00
56031	30338000.00
56023	12525000.00
56035	7880000.00
56039	2185000.00
56041	3051000.00