County,Value
1001, (D)
1011,"33,803,000"
1047,"27,726,000"
1051,"17,366,000"
1063,"1,733,000"
1065, (D)
1085, (D)
1087,"12,243,000"
1091,"5,350,000"
1101,"16,616,000"
1105,"9,650,000"
1119, (D)
1003,"115,652,000"
1013, (D)
1023, (D)
1025,"1,273,000"
1035,"7,325,000"
1053,"36,149,000"
1097,"76,821,000"
1099,"32,057,000"
1129,"4,831,000"
1131, (D)
1009,"12,428,000"
1015,"10,901,000"
1019,"36,030,000"
1029,"3,273,000"
1043,"15,920,000"
1049,"24,253,000"
1055,"5,404,000"
1071,"35,801,000"
1095,"7,445,000"
1115,"9,834,000"
1033,"36,371,000"
1059,"7,491,000"
1077,"40,243,000"
1079,"56,474,000"
1083,"85,219,000"
1089,"63,960,000"
1093,"3,184,000"
1103,"13,881,000"
1133,"824,000"
1007, (D)
1017,"2,026,000"
1021,"10,235,000"
1027,"1,025,000"
1037, (D)
1057, (D)
1073,"1,083,000"
1075,"1,557,000"
1081, (D)
1107,"6,675,000"
1111,"2,135,000"
1117,"9,785,000"
1121,"16,999,000"
1123,"3,406,000"
1125,"9,342,000"
1127,"3,782,000"
1005,"14,760,000"
1031,"36,989,000"
1039,"31,116,000"
1041,"5,099,000"
1045,"25,451,000"
1061,"47,133,000"
1067,"40,145,000"
1069,"63,993,000"
1109,"11,553,000"
1113,"16,145,000"
2000,"1,647,000"
2000,"14,205,000"
2000,"917,000"
2000,"338,000"
2000,"7,749,000"
4001,"13,197,000"
4005,"2,358,000"
4007,"343,000"
4015,"20,790,000"
4017,"5,836,000"
4025,"10,607,000"
4003, (D)
4009,"165,860,000"
4011,"2,418,000"
4012, (D)
4013,"446,895,000"
4019,"74,684,000"
4021,"315,577,000"
4023,"692,000"
4027, (D)
5029,"16,616,000"
5045,"10,067,000"
5051,"4,475,000"
5053,"550,000"
5059,"1,152,000"
5105,"4,883,000"
5119,"30,152,000"
5125,"1,823,000"
5001,"297,151,000"
5035,"214,685,000"
5037,"188,405,000"
5077,"171,619,000"
5085,"191,210,000"
5095, (D)
5107,"247,759,000"
5117,"159,632,000"
5123,"189,010,000"
5147, (D)
5005,"601,000"
5023,"1,195,000"
5049,"1,104,000"
5065, (D)
5089,"560,000"
5129,"1,012,000"
5135,"1,031,000"
5137,"841,000"
5141,"1,067,000"
5021,"242,740,000"
5031,"258,784,000"
5055,"167,165,000"
5063,"33,891,000"
5067,"183,721,000"
5075,"126,179,000"
5093,"314,464,000"
5111,"286,746,000"
5121,"57,354,000"
5145,"39,106,000"
5007,"5,050,000"
5009,"1,329,000"
5015,"1,884,000"
5087,"3,145,000"
5101,"1,004,000"
5143,"7,042,000"
5011, (D)
5013,"390,000"
5019,"2,097,000"
5025,"465,000"
5027,"5,082,000"
5039,"776,000"
5099,"1,153,000"
5103,"408,000"
5139,"569,000"
5003,"66,742,000"
5017,"197,260,000"
5041,"206,473,000"
5043,"63,585,000"
5069,"196,405,000"
5079,"117,729,000"
5057,"4,551,000"
5061,"1,389,000"
5073,"31,628,000"
5081,"17,879,000"
5091,"24,502,000"
5097,"886,000"
5109,"600,000"
5133,"810,000"
5033,"22,542,000"
5047,"4,267,000"
5071,"4,335,000"
5083,"6,303,000"
5113,"1,648,000"
5115,"10,396,000"
5127,"1,336,000"
5131,"2,414,000"
5149,"6,299,000"
6001,"47,557,000"
6013,"75,703,000"
6033,"97,477,000"
6041,"8,581,000"
6053,"2,935,327,000"
6055,"524,203,000"
6069,"126,077,000"
6075, (D)
6079,"618,023,000"
6081,"73,137,000"
6085,"233,397,000"
6087,"548,415,000"
6097,"606,237,000"
6035, (D)
6049,"70,327,000"
6063,"4,459,000"
6015,"16,561,000"
6023, (D)
6045,"137,167,000"
6007,"526,847,000"
6011,"569,922,000"
6021,"509,107,000"
6067,"208,842,000"
6095,"242,743,000"
6101,"501,917,000"
6103,"170,088,000"
6113,"525,503,000"
6115,"154,440,000"
6019,"3,700,093,000"
6029,"3,231,921,000"
6031,"854,628,000"
6039,"1,239,924,000"
6047,"1,272,622,000"
6077,"1,658,533,000"
6099,"1,062,853,000"
6107,"1,671,142,000"
6003, (D)
6005,"21,767,000"
6009,"11,835,000"
6017,"24,340,000"
6027,"6,791,000"
6043,"2,608,000"
6051,"8,810,000"
6057,"5,807,000"
6061, (D)
6091, (D)
6109,"2,588,000"
6089,"24,014,000"
6093,"190,530,000"
6105, (D)
6025,"1,310,273,000"
6037,"174,019,000"
6059,"156,926,000"
6065,"744,651,000"
6071,"66,845,000"
6073,"648,221,000"
6083,"1,129,013,000"
6111,"1,430,264,000"
8001,"102,519,000"
8005, (D)
8017,"59,270,000"
8031, (D)
8035,"4,570,000"
8041,"20,684,000"
8039,"8,953,000"
8061,"36,987,000"
8063,"140,583,000"
8073,"40,405,000"
8095,"117,490,000"
8121,"98,527,000"
8125,"311,704,000"
8013, (D)
8014,"1,397,000"
8059,"7,371,000"
8069,"57,381,000"
8075,"117,927,000"
8087,"106,243,000"
8115,"57,477,000"
8123,"374,054,000"
8015,"2,936,000"
8019, (D)
8037,"3,351,000"
8047, (D)
8049,"2,112,000"
8051,"1,793,000"
8057,"4,684,000"
8065,"77,000"
8081,"3,511,000"
8093,"713,000"
8097,"394,000"
8103,"3,961,000"
8107,"7,802,000"
8117, (D)
8119,"158,000"
8003,"80,984,000"
8021,"26,411,000"
8023,"24,529,000"
8079,"15,000"
8105,"94,632,000"
8109,"92,601,000"
8009,"78,922,000"
8011,"12,706,000"
8025,"1,617,000"
8027,"2,229,000"
8043,"4,289,000"
8055,"1,474,000"
8071,"3,170,000"
8089,"30,027,000"
8099,"64,897,000"
8101,"18,061,000"
8007,"1,289,000"
8029,"23,582,000"
8033,"6,339,000"
8045,"5,644,000"
8053,"110,000"
8067,"8,356,000"
8077,"40,652,000"
8083,"30,014,000"
8085,"33,700,000"
8091,"707,000"
8113,"533,000"
9001,"20,925,000"
9003,"107,170,000"
9005,"28,023,000"
9007,"50,567,000"
9009,"77,561,000"
9011,"51,167,000"
9013,"35,678,000"
9015,"18,046,000"
10001, (D)
10003, (D)
10005,"249,492,000"
12001,"69,295,000"
12007,"2,456,000"
12017,"7,726,000"
12019,"5,818,000"
12035,"15,566,000"
12041,"28,031,000"
12053,"15,899,000"
12057,"318,507,000"
12069,"133,554,000"
12075,"42,111,000"
12083,"43,774,000"
12095,"251,578,000"
12097,"68,881,000"
12101,"29,864,000"
12103,"1,927,000"
12105,"316,031,000"
12107,"37,554,000"
12117,"26,115,000"
12109,"68,769,000"
12119,"24,775,000"
12125,"5,625,000"
12127,"100,065,000"
12003,"2,358,000"
12023,"18,916,000"
12029, (D)
12031,"12,270,000"
12047,"36,489,000"
12067,"11,403,000"
12079,"15,739,000"
12089,"1,226,000"
12121,"86,654,000"
12123,"3,415,000"
12005,"2,271,000"
12013,"16,555,000"
12033,"38,059,000"
12037,"255,000"
12039,"53,200,000"
12045,"44,000"
12059,"13,302,000"
12063,"75,429,000"
12065,"21,083,000"
12073,"2,787,000"
12077,"44,000"
12091,"8,337,000"
12113,"59,556,000"
12129, (D)
12131,"10,714,000"
12133,"9,393,000"
12009,"35,483,000"
12011,"43,252,000"
12015,"94,889,000"
12021,"198,953,000"
12027,"162,968,000"
12043,"78,009,000"
12049,"145,058,000"
12051,"478,785,000"
12055,"198,496,000"
12061,"133,598,000"
12071,"101,469,000"
12081,"272,757,000"
12085,"112,614,000"
12086,"592,266,000"
12087,"655,000"
12093,"50,597,000"
12099,"982,049,000"
12115,"15,027,000"
12111,"147,009,000"
13009,"522,000"
13021,"1,284,000"
13023,"23,127,000"
13035,"1,228,000"
13079,"26,550,000"
13091,"18,831,000"
13133,"2,138,000"
13141,"1,620,000"
13153,"15,611,000"
13159,"3,465,000"
13167,"5,317,000"
13169,"552,000"
13175,"30,344,000"
13207,"819,000"
13209,"12,176,000"
13211,"7,075,000"
13217, (D)
13225,"29,271,000"
13235,"49,406,000"
13237,"1,432,000"
13247,"271,000"
13265,"422,000"
13283,"7,840,000"
13289,"8,651,000"
13303,"20,320,000"
13309,"7,753,000"
13319,"1,325,000"
13031,"89,194,000"
13033,"71,293,000"
13043,"13,588,000"
13073,"1,935,000"
13103,"12,468,000"
13107,"53,194,000"
13125,"2,625,000"
13163,"52,999,000"
13165,"33,927,000"
13189, (D)
13245,"913,000"
13251,"61,497,000"
13301,"3,239,000"
13013,"570,000"
13057,"6,421,000"
13059, (D)
13067,"3,045,000"
13085,"626,000"
13089,"545,000"
13111,"1,289,000"
13117,"2,597,000"
13121,"3,284,000"
13123,"2,091,000"
13135,"11,167,000"
13139,"3,451,000"
13157,"5,419,000"
13187,"1,989,000"
13219,"23,589,000"
13227,"997,000"
13281,"1,170,000"
13291,"4,550,000"
13297,"6,222,000"
13311,"2,249,000"
13011,"1,754,000"
13105,"2,953,000"
13119,"4,515,000"
13137,"1,675,000"
13147,"7,781,000"
13181,"521,000"
13195,"3,004,000"
13221,"8,263,000"
13241,"4,433,000"
13257,"508,000"
13317,"3,311,000"
13015,"14,809,000"
13047,"4,397,000"
13055,"1,831,000"
13083,"525,000"
13115,"5,304,000"
13129,"12,691,000"
13213,"11,154,000"
13223,"502,000"
13233,"3,027,000"
13295,"8,719,000"
13313,"1,693,000"
13003,"30,099,000"
13017,"23,374,000"
13019,"81,271,000"
13027,"74,814,000"
13065,"21,533,000"
13069,"88,752,000"
13071,"163,969,000"
13075,"56,103,000"
13081,"69,338,000"
13093,"69,936,000"
13101,"7,391,000"
13155,"101,435,000"
13161,"40,792,000"
13173,"20,768,000"
13185,"24,638,000"
13271,"4,818,000"
13277,"66,353,000"
13287,"50,706,000"
13315,"67,716,000"
13321,"139,049,000"
13001,"63,898,000"
13005,"31,649,000"
13025,"4,023,000"
13029,"2,563,000"
13039,"323,000"
13049,"548,000"
13051,"3,846,000"
13109,"16,225,000"
13127,"222,000"
13179,"149,000"
13183,"707,000"
13191,"2,232,000"
13229,"39,347,000"
13267,"86,699,000"
13279,"46,087,000"
13299,"20,041,000"
13305,"26,494,000"
13007,"62,467,000"
13037,"67,489,000"
13061,"17,173,000"
13087,"189,967,000"
13095,"31,625,000"
13099,"78,832,000"
13131,"63,578,000"
13177, (D)
13201,"64,012,000"
13205,"142,781,000"
13239, (D)
13243,"48,190,000"
13253,"67,807,000"
13259,"11,783,000"
13261,"84,350,000"
13273,"65,928,000"
13275,"64,950,000"
13307,"15,243,000"
13045,"9,023,000"
13053, (D)
13063,"33,000"
13077,"5,951,000"
13097,"814,000"
13113,"3,603,000"
13143,"345,000"
13145,"1,454,000"
13149,"856,000"
13151,"1,922,000"
13171,"10,715,000"
13193,"36,161,000"
13197,"5,717,000"
13199,"5,701,000"
13215,"17,000"
13231,"2,465,000"
13249,"2,021,000"
13255,"1,008,000"
13263,"273,000"
13269,"12,615,000"
13285,"985,000"
13293,"1,956,000"
15001,"156,384,000"
15007,"55,696,000"
15009,"181,480,000"
15003,"145,313,000"
16005,"36,125,000"
16007,"10,447,000"
16011,"375,047,000"
16019,"146,529,000"
16023,"32,391,000"
16029,"67,657,000"
16033,"26,435,000"
16037,"8,813,000"
16041,"24,543,000"
16043,"141,967,000"
16051,"148,544,000"
16059,"4,842,000"
16065,"123,497,000"
16071,"18,851,000"
16077,"203,458,000"
16081,"30,042,000"
16009,"23,114,000"
16017,"6,159,000"
16021,"23,414,000"
16035,"7,276,000"
16049,"62,547,000"
16055,"19,848,000"
16057,"83,065,000"
16061,"59,641,000"
16069,"72,273,000"
16079,"46,000"
16013,"27,861,000"
16025,"18,045,000"
16031,"257,636,000"
16047,"100,806,000"
16053,"145,219,000"
16063,"38,316,000"
16067,"267,963,000"
16083,"216,047,000"
16001,"44,599,000"
16003,"3,401,000"
16015,"1,216,000"
16027,"272,381,000"
16039,"94,142,000"
16045,"16,565,000"
16073,"93,770,000"
16075,"50,270,000"
16085,"1,209,000"
16087,"36,994,000"
17039,"137,899,000"
17107,"218,519,000"
17115,"202,271,000"
17123,"130,981,000"
17125,"178,395,000"
17113,"443,866,000"
17129,"79,746,000"
17143,"163,591,000"
17175,"125,478,000"
17179,"233,801,000"
17203,"188,811,000"
17019,"400,918,000"
17053,"158,138,000"
17075,"426,369,000"
17091,"259,445,000"
17105,"333,374,000"
17147,"183,689,000"
17183,"271,266,000"
17023,"91,420,000"
17025,"54,114,000"
17029,"131,023,000"
17033,"56,874,000"
17035,"61,007,000"
17041,"142,358,000"
17045, (D)
17049,"83,784,000"
17051,"83,836,000"
17079,"74,758,000"
17101,"72,669,000"
17121,"52,013,000"
17139,"123,870,000"
17159,"43,872,000"
17173,"175,808,000"
17007,"88,248,000"
17031,"8,482,000"
17037,"336,448,000"
17043,"9,556,000"
17063,"124,627,000"
17089,"165,018,000"
17093,"86,361,000"
17099,"435,104,000"
17097,"25,722,000"
17111,"152,569,000"
17197,"159,357,000"
17011,"377,913,000"
17015,"188,499,000"
17073,"316,858,000"
17085,"83,168,000"
17103,"312,905,000"
17131,"178,199,000"
17141,"247,179,000"
17155,"79,280,000"
17161,"89,974,000"
17177,"180,685,000"
17195,"337,218,000"
17201,"84,143,000"
17047,"28,850,000"
17055,"40,715,000"
17059,"88,938,000"
17065,"54,531,000"
17069, (D)
17081,"48,877,000"
17127,"32,277,000"
17151,"10,278,000"
17165,"38,544,000"
17185,"41,449,000"
17191,"105,362,000"
17193,"123,679,000"
17003,"25,213,000"
17027,"88,328,000"
17077,"59,270,000"
17087,"8,538,000"
17133,"90,530,000"
17145,"40,193,000"
17153,"27,035,000"
17157,"92,977,000"
17163,"106,477,000"
17181,"30,920,000"
17189,"94,814,000"
17199,"16,685,000"
17001,"130,355,000"
17009,"33,344,000"
17057,"152,114,000"
17067,"211,695,000"
17071,"117,350,000"
17095,"235,198,000"
17109,"185,622,000"
17169,"52,694,000"
17187,"239,032,000"
17005,"54,067,000"
17013,"19,676,000"
17017,"96,266,000"
17021,"261,617,000"
17061,"143,325,000"
17083,"65,554,000"
17117,"180,369,000"
17119,"123,760,000"
17135,"178,693,000"
17137,"173,551,000"
17149,"152,100,000"
17167,"336,504,000"
17171,"76,377,000"
18005,"85,489,000"
18011,"129,227,000"
18023,"178,602,000"
18031,"92,423,000"
18053,"124,756,000"
18057,"112,834,000"
18059,"92,471,000"
18063,"82,180,000"
18067,"113,874,000"
18081,"61,464,000"
18095,"150,717,000"
18097, (D)
18109,"45,467,000"
18139,"98,467,000"
18145,"111,513,000"
18159,"131,880,000"
18009, (D)
18035,"116,998,000"
18041,"33,181,000"
18065,"86,164,000"
18075,"99,291,000"
18135,"128,434,000"
18161,"36,789,000"
18177,"67,629,000"
18015,"136,104,000"
18017,"123,832,000"
18039,"83,229,000"
18049,"119,518,000"
18085,"132,544,000"
18099,"108,503,000"
18103,"105,308,000"
18141,"106,901,000"
18169,"116,653,000"
18001,"120,397,000"
18003,"149,312,000"
18033,"70,002,000"
18069,"114,896,000"
18087,"68,528,000"
18113,"82,542,000"
18151,"40,678,000"
18179,"140,963,000"
18183,"76,052,000"
18007,"170,486,000"
18073,"208,497,000"
18091,"179,613,000"
18089,"98,874,000"
18111,"128,941,000"
18127,"99,542,000"
18131,"125,827,000"
18149,"66,274,000"
18181,"169,515,000"
18013, (D)
18025, (D)
18043,"3,622,000"
18061,"27,324,000"
18071,"77,912,000"
18093,"22,613,000"
18105,"8,672,000"
18117,"14,362,000"
18123,"9,641,000"
18175,"55,837,000"
18019,"26,486,000"
18029,"9,319,000"
18047,"42,592,000"
18077,"31,006,000"
18079,"46,095,000"
18115,"3,123,000"
18137,"75,793,000"
18143,"23,396,000"
18155, (D)
18027,"79,603,000"
18037,"52,579,000"
18051,"128,313,000"
18055,"54,275,000"
18083,"181,853,000"
18101,"13,502,000"
18125,"29,031,000"
18129,"122,285,000"
18147,"60,270,000"
18153,"72,320,000"
18163,"32,541,000"
18173,"36,995,000"
18021,"55,590,000"
18045, (D)
18107,"147,211,000"
18119,"19,438,000"
18121,"52,572,000"
18133,"61,535,000"
18157,"132,619,000"
18165,"46,101,000"
18167,"46,274,000"
18171,"105,883,000"
19015,"226,093,000"
19049,"174,661,000"
19075,"277,888,000"
19079,"238,880,000"
19083,"261,033,000"
19099,"250,868,000"
19127,"235,051,000"
19153,"142,113,000"
19157,"210,751,000"
19169,"233,151,000"
19171,"278,845,000"
19187,"291,462,000"
19011,"275,384,000"
19031,"219,282,000"
19045,"268,603,000"
19095,"179,463,000"
19097,"107,547,000"
19103,"175,250,000"
19105,"164,510,000"
19113,"198,462,000"
19139,"135,709,000"
19163,"164,978,000"
19023,"197,259,000"
19033,"196,940,000"
19067,"184,643,000"
19069,"253,825,000"
19081,"234,395,000"
19091,"169,698,000"
19109,"463,598,000"
19131,"170,688,000"
19189,"167,316,000"
19195,"163,330,000"
19197,"256,907,000"
19005,"91,309,000"
19013,"187,982,000"
19017,"171,705,000"
19019,"247,096,000"
19037,"175,628,000"
19043,"192,447,000"
19055,"207,258,000"
19061,"120,053,000"
19065,"233,164,000"
19089,"184,571,000"
19191,"172,824,000"
19021,"256,952,000"
19035,"230,038,000"
19041,"235,884,000"
19059,"129,924,000"
19063,"156,881,000"
19119,"256,519,000"
19141,"231,329,000"
19143,"175,562,000"
19147,"274,409,000"
19149,"262,413,000"
19151,"263,559,000"
19167,"317,798,000"
19007,"21,299,000"
19039,"27,567,000"
19053,"32,033,000"
19117,"24,380,000"
19121,"86,722,000"
19125,"110,989,000"
19135,"32,601,000"
19159,"48,708,000"
19175,"54,591,000"
19181,"89,811,000"
19185,"47,948,000"
19051,"29,344,000"
19057,"97,722,000"
19087,"120,936,000"
19101,"73,052,000"
19107,"131,590,000"
19111,"91,955,000"
19115,"104,828,000"
19123,"170,751,000"
19177,"57,965,000"
19179,"62,430,000"
19183,"167,270,000"
19001,"123,490,000"
19003,"77,967,000"
19029,"131,719,000"
19071,"161,550,000"
19129,"115,062,000"
19137,"135,016,000"
19145,"161,898,000"
19155,"325,485,000"
19173,"84,476,000"
19009,"140,837,000"
19025,"211,561,000"
19027,"192,219,000"
19047,"264,239,000"
19073,"208,725,000"
19077,"135,242,000"
19085,"214,185,000"
19093,"163,556,000"
19133,"191,551,000"
19161,"216,554,000"
19165,"247,386,000"
19193,"235,714,000"
20009,"96,206,000"
20041,"82,393,000"
20051,"32,578,000"
20053,"34,476,000"
20105,"43,230,000"
20115,"77,431,000"
20113,"128,177,000"
20159,"98,963,000"
20165,"47,687,000"
20167,"36,671,000"
20169,"59,490,000"
20003,"40,863,000"
20017,"10,825,000"
20031,"32,713,000"
20045,"29,068,000"
20059,"55,284,000"
20061,"15,493,000"
20091,"16,075,000"
20107,"24,767,000"
20111,"35,233,000"
20121,"33,884,000"
20127,"32,823,000"
20139,"37,234,000"
20177,"41,690,000"
20197,"21,525,000"
20027,"80,502,000"
20029,"67,590,000"
20089,"105,290,000"
20123,"87,948,000"
20141,"47,049,000"
20143,"60,033,000"
20147,"48,855,000"
20157,"115,977,000"
20163,"56,769,000"
20183,"74,549,000"
20201,"99,499,000"
20005,"43,294,000"
20013,"120,011,000"
20043,"75,461,000"
20085,"23,345,000"
20087,"33,316,000"
20103,"25,214,000"
20117,"104,099,000"
20131,"78,468,000"
20149,"52,353,000"
20161,"36,288,000"
20209,"2,705,000"
20023,"75,375,000"
20039,"51,378,000"
20065,"44,179,000"
20137,"50,952,000"
20153,"69,183,000"
20179,"109,299,000"
20181,"131,288,000"
20193,"146,097,000"
20007,"45,420,000"
20033,"21,783,000"
20047,"126,933,000"
20077,"64,427,000"
20079,"112,291,000"
20095,"76,391,000"
20097,"63,956,000"
20145,"92,111,000"
20151,"125,850,000"
20155,"151,667,000"
20173,"130,187,000"
20185,"120,219,000"
20191,"149,762,000"
20001,"22,317,000"
20011,"15,879,000"
20015,"78,784,000"
20019, (D)
20021,"70,454,000"
20035,"58,870,000"
20037,"51,594,000"
20049,"6,746,000"
20073,"17,687,000"
20099,"50,948,000"
20125,"48,638,000"
20133,"41,322,000"
20205,"46,754,000"
20207,"27,018,000"
20025,"16,351,000"
20055,"184,485,000"
20057,"114,300,000"
20067,"86,023,000"
20069,"139,892,000"
20075,"55,383,000"
20081,"107,497,000"
20083,"53,206,000"
20093,"80,730,000"
20119,"147,138,000"
20129,"58,361,000"
20175,"96,079,000"
20187,"79,556,000"
20189,"144,543,000"
20063,"68,390,000"
20071,"58,936,000"
20101,"31,124,000"
20109,"58,541,000"
20135,"45,534,000"
20171,"64,648,000"
20195,"35,826,000"
20199,"64,411,000"
20203, (D)
21005,"4,301,000"
21011,"8,994,000"
21017,"37,427,000"
21021,"7,079,000"
21049,"11,027,000"
21067,"13,576,000"
21069,"17,990,000"
21073,"8,125,000"
21079,"10,470,000"
21097,"19,436,000"
21113,"5,277,000"
21137,"17,546,000"
21151,"8,609,000"
21161,"18,418,000"
21167,"9,406,000"
21173,"5,908,000"
21181,"10,488,000"
21201,"1,768,000"
21209,"13,414,000"
21211,"54,844,000"
21215,"10,308,000"
21229,"16,106,000"
21239,"9,606,000"
21001,"13,832,000"
21003,"14,122,000"
21009,"37,738,000"
21027,"34,045,000"
21029,"4,619,000"
21031,"23,171,000"
21045,"13,926,000"
21053,"3,788,000"
21057,"3,208,000"
21061,"6,766,000"
21085,"18,291,000"
21087,"21,977,000"
21093,"40,700,000"
21099,"14,234,000"
21111,"6,174,000"
21123,"31,124,000"
21155,"22,682,000"
21163,"18,905,000"
21169,"10,545,000"
21171,"18,120,000"
21179,"34,336,000"
21207,"7,176,000"
21217,"16,852,000"
21227,"54,967,000"
21013, (D)
21019,"509,000"
21025,"736,000"
21043,"3,104,000"
21051,"3,282,000"
21063,"1,388,000"
21065,"2,269,000"
21071,"430,000"
21089,"2,824,000"
21095,"152,000"
21109,"2,603,000"
21115,"460,000"
21119,"63,000"
21121,"1,379,000"
21125,"6,346,000"
21127,"835,000"
21129,"459,000"
21131, (D)
21133,"86,000"
21135,"9,063,000"
21153,"674,000"
21159, (D)
21147,"366,000"
21165,"1,695,000"
21175,"2,896,000"
21189,"1,152,000"
21193,"151,000"
21195,"229,000"
21197,"1,563,000"
21199,"23,173,000"
21203,"6,609,000"
21205,"2,518,000"
21231,"11,697,000"
21235,"1,689,000"
21237,"983,000"
21033,"33,393,000"
21047,"149,061,000"
21055,"19,882,000"
21059,"115,752,000"
21091,"10,175,000"
21101,"73,217,000"
21107,"35,144,000"
21141,"96,876,000"
21149,"57,774,000"
21177,"24,559,000"
21183,"36,372,000"
21213,"44,309,000"
21219,"86,922,000"
21225,"89,065,000"
21233,"44,319,000"
21015,"8,233,000"
21023,"6,801,000"
21037,"3,162,000"
21041,"4,503,000"
21077,"4,523,000"
21081,"6,594,000"
21103,"18,392,000"
21117,"2,277,000"
21185,"9,117,000"
21187,"10,478,000"
21191,"8,448,000"
21223,"6,700,000"
21007,"31,535,000"
21035,"62,882,000"
21039,"34,054,000"
21075,"33,715,000"
21083,"86,722,000"
21105,"56,841,000"
21139,"10,731,000"
21143,"5,290,000"
21157,"14,349,000"
21145,"16,288,000"
21221,"38,974,000"
22009,"125,611,000"
22025,"88,250,000"
22029,"115,736,000"
22039,"52,364,000"
22043,"5,886,000"
22059,"354,000"
22077,"124,618,000"
22079,"116,703,000"
22097,"114,615,000"
22121,"27,839,000"
22033,"2,745,000"
22037,"6,692,000"
22063,"1,236,000"
22091,"2,115,000"
22103,"6,892,000"
22105,"18,346,000"
22117,"11,379,000"
22125,"14,340,000"
22013,"1,880,000"
22021,"9,663,000"
22027,"1,943,000"
22049,"325,000"
22061,"1,472,000"
22073,"26,955,000"
22111,"1,389,000"
22127,"712,000"
22035,"191,490,000"
22041,"138,498,000"
22065,"154,158,000"
22067,"170,710,000"
22083,"119,053,000"
22107,"128,932,000"
22123,"70,412,000"
22015,"10,765,000"
22017,"42,295,000"
22031,"4,458,000"
22081,"12,910,000"
22119,"1,740,000"
22007,"63,888,000"
22045,"89,626,000"
22047,"65,250,000"
22055,"27,168,000"
22099,"48,025,000"
22101,"64,714,000"
22005,"17,707,000"
22051,"388,000"
22057,"42,735,000"
22071,"214,000"
22075,"5,875,000"
22087,"155,000"
22089,"148,000"
22093,"32,763,000"
22095,"9,130,000"
22109,"16,175,000"
22001,"107,739,000"
22003,"20,175,000"
22011,"9,372,000"
22019,"19,900,000"
22023,"11,780,000"
22053,"74,344,000"
22113,"98,433,000"
22069,"30,240,000"
22085,"1,258,000"
22115,"929,000"
23009,"10,114,000"
23019,"16,188,000"
23021, (D)
23025,"55,384,000"
23027, (D)
23029, (D)
23003,"192,821,000"
23001,"11,875,000"
23005,"17,245,000"
23007,"2,557,000"
23011,"14,419,000"
23013,"5,431,000"
23015,"5,207,000"
23017,"14,482,000"
23023,"6,858,000"
23031, (D)
24019,"69,700,000"
24039,"26,652,000"
24045,"53,609,000"
24047,"51,359,000"
24005,"67,632,000"
24013,"75,151,000"
24021,"74,543,000"
24025,"31,333,000"
24027,"27,700,000"
24031,"41,870,000"
24043,"45,424,000"
24003,"16,519,000"
24009,"10,618,000"
24017,"10,726,000"
24033,"16,431,000"
24037,"19,060,000"
24011,"85,467,000"
24015,"68,642,000"
24029,"78,393,000"
24035,"103,238,000"
24041,"63,708,000"
24001,"1,858,000"
24023,"10,923,000"
25001,"9,707,000"
25003,"10,140,000"
25005,"29,899,000"
25007,"2,509,000"
25009,"18,053,000"
25011,"39,064,000"
25013,"17,377,000"
25015,"37,203,000"
25017,"68,696,000"
25019,"1,391,000"
25021,"9,473,000"
25023,"99,671,000"
25025,"156,000"
25027,"39,575,000"
26035,"6,172,000"
26051,"13,658,000"
26057,"199,091,000"
26073,"78,428,000"
26107,"45,979,000"
26111,"47,595,000"
26117,"154,177,000"
26133,"13,010,000"
26011,"35,825,000"
26017,"157,210,000"
26063,"334,344,000"
26145,"223,309,000"
26151,"280,054,000"
26157,"226,266,000"
26001,"4,591,000"
26007,"9,507,000"
26031,"5,615,000"
26039,"70,000"
26069,"6,226,000"
26119,"4,295,000"
26129,"13,478,000"
26135,"1,178,000"
26137,"6,044,000"
26141,"17,469,000"
26143,"290,000"
26009,"15,336,000"
26019,"3,320,000"
26029,"5,978,000"
26047,"4,444,000"
26055,"13,927,000"
26079,"8,109,000"
26089,"17,776,000"
26101,"6,492,000"
26113,"31,202,000"
26165,"4,829,000"
26015,"47,415,000"
26023,"125,375,000"
26025,"86,006,000"
26037,"122,553,000"
26045,"99,774,000"
26059,"115,914,000"
26065,"101,658,000"
26067,"128,514,000"
26075,"54,110,000"
26155,"113,439,000"
26149,"190,933,000"
26049,"81,039,000"
26087,"91,404,000"
26091,"144,060,000"
26093,"38,712,000"
26099,"58,381,000"
26115,"166,044,000"
26125,"22,664,000"
26147,"97,871,000"
26161,"67,584,000"
26163,"26,059,000"
26005,"194,085,000"
26021,"145,902,000"
26027,"125,673,000"
26077,"194,521,000"
26081,"180,389,000"
26139,"300,308,000"
26159,"161,414,000"
26003,"890,000"
26013,"783,000"
26033,"5,235,000"
26041,"7,632,000"
26043,"2,904,000"
26053,"362,000"
26061,"2,126,000"
26071,"3,188,000"
26095,"2,954,000"
26097,"1,185,000"
26103,"815,000"
26109,"7,914,000"
26131,"1,656,000"
26153,"1,365,000"
26085,"2,290,000"
26105,"31,689,000"
26121,"46,846,000"
26123,"45,412,000"
26127,"64,095,000"
27009,"73,886,000"
27019,"87,896,000"
27067,"284,147,000"
27085,"178,845,000"
27093,"172,231,000"
27097,"111,839,000"
27129,"545,492,000"
27139,"69,387,000"
27141,"68,984,000"
27143,"237,575,000"
27145,"260,956,000"
27153,"94,816,000"
27159,"35,827,000"
27171,"148,247,000"
27001,"8,247,000"
27003,"38,691,000"
27017,"5,401,000"
27025,"43,938,000"
27035,"14,541,000"
27053,"53,348,000"
27059,"47,929,000"
27065,"19,661,000"
27095,"31,157,000"
27115,"30,561,000"
27123,"2,479,000"
27163,"78,288,000"
27007,"21,371,000"
27021,"10,496,000"
27057,"41,805,000"
27061,"6,523,000"
27071,"5,155,000"
27077,"17,656,000"
27031,"232,000"
27075,"325,000"
27137,"10,220,000"
27005,"177,232,000"
27027,"359,311,000"
27029,"14,990,000"
27069,"170,689,000"
27087,"90,021,000"
27089,"314,981,000"
27107,"263,349,000"
27113,"74,336,000"
27119,"572,439,000"
27125,"65,624,000"
27135,"136,323,000"
27013,"261,754,000"
27015,"220,293,000"
27043,"322,708,000"
27047,"286,206,000"
27079,"142,022,000"
27091,"330,135,000"
27103,"178,136,000"
27131,"147,111,000"
27147,"196,145,000"
27161,"179,679,000"
27165,"180,832,000"
27037,"187,467,000"
27039,"177,607,000"
27045,"207,447,000"
27049,"265,223,000"
27055,"74,676,000"
27099,"326,595,000"
27109,"164,449,000"
27157,"114,983,000"
27169,"107,076,000"
27033,"234,022,000"
27063,"251,946,000"
27081,"135,170,000"
27083,"241,278,000"
27101,"232,560,000"
27105,"242,814,000"
27117,"117,297,000"
27127,"364,938,000"
27133,"178,097,000"
27011,"138,296,000"
27023,"264,086,000"
27041,"89,041,000"
27051,"203,140,000"
27073,"252,757,000"
27111,"323,752,000"
27121,"172,454,000"
27149,"238,023,000"
27151,"240,785,000"
27155,"252,191,000"
27167,"300,780,000"
27173,"237,791,000"
28007,"12,676,000"
28015,"31,745,000"
28019,"1,267,000"
28051,"91,271,000"
28079,"2,666,000"
28089,"27,487,000"
28097,"10,967,000"
28121,"9,144,000"
28123,"4,696,000"
28155,"14,148,000"
28017,"30,176,000"
28025,"7,180,000"
28069,"1,863,000"
28087,"26,786,000"
28095,"45,402,000"
28099,"2,279,000"
28103,"67,728,000"
28105,"2,275,000"
28159,"3,362,000"
28053,"115,734,000"
28055, (D)
28083,"189,296,000"
28125,"103,932,000"
28133,"244,637,000"
28151,"261,669,000"
28163,"139,861,000"
28009,"10,579,000"
28013,"72,964,000"
28033,"45,083,000"
28043,"6,906,000"
28071,"6,555,000"
28093,"27,520,000"
28107,"65,790,000"
28137,"30,521,000"
28161,"15,845,000"
28003,"17,712,000"
28057,"11,857,000"
28081,"40,229,000"
28115,"18,936,000"
28117,"12,996,000"
28139,"14,650,000"
28141,"5,205,000"
28145,"12,904,000"
28031,"6,228,000"
28065,"1,756,000"
28073,"3,447,000"
28077,"5,777,000"
28091,"2,054,000"
28113,"1,673,000"
28127,"6,871,000"
28129,"7,574,000"
28147,"4,600,000"
28023,"1,497,000"
28035,"4,750,000"
28039,"19,257,000"
28041,"10,029,000"
28045, (D)
28047,"1,580,000"
28059,"12,561,000"
28061,"1,562,000"
28067,"4,689,000"
28075,"2,702,000"
28101,"4,283,000"
28109,"8,054,000"
28111,"5,172,000"
28131, (D)
28153,"6,839,000"
28001,"8,434,000"
28005,"3,836,000"
28021,"8,816,000"
28029,"6,410,000"
28037,"2,288,000"
28049,"24,968,000"
28063,"14,807,000"
28085,"3,210,000"
28149,"30,291,000"
28157,"3,008,000"
28011,"276,734,000"
28027,"172,567,000"
28119, (D)
28135,"163,665,000"
28143, (D)
29015,"13,012,000"
29019,"34,419,000"
29027,"34,075,000"
29029,"1,930,000"
29051,"10,516,000"
29053,"45,029,000"
29059,"5,489,000"
29085,"4,202,000"
29089,"37,015,000"
29105,"7,618,000"
29125,"4,576,000"
29131,"4,809,000"
29135,"16,298,000"
29141,"12,472,000"
29151,"13,940,000"
29159,"54,467,000"
29161,"1,857,000"
29167,"9,057,000"
29169,"2,008,000"
29195,"155,369,000"
29055,"3,112,000"
29071,"27,586,000"
29073,"9,253,000"
29099,"6,949,000"
29113,"47,855,000"
29139,"47,349,000"
29157,"31,753,000"
29183,"52,979,000"
29187,"4,604,000"
29189,"18,532,000"
29186,"15,592,000"
29219,"24,694,000"
29221,"2,301,000"
29001,"20,148,000"
29033,"111,305,000"
29041,"89,250,000"
29079,"28,332,000"
29115,"39,327,000"
29117,"49,960,000"
29121,"35,836,000"
29129,"19,068,000"
29171,"16,606,000"
29175,"21,478,000"
29197,"14,841,000"
29211,"18,229,000"
29007,"89,658,000"
29045,"51,825,000"
29103,"37,762,000"
29111,"51,946,000"
29127,"53,674,000"
29137,"49,947,000"
29163,"54,922,000"
29173,"41,953,000"
29199,"36,718,000"
29205,"59,084,000"
29003,"46,225,000"
29005,"147,023,000"
29021,"60,492,000"
29025,"24,241,000"
29047,"19,447,000"
29049,"38,632,000"
29061,"38,660,000"
29063,"36,441,000"
29075,"35,570,000"
29081,"58,835,000"
29087,"90,958,000"
29147,"114,630,000"
29165,"37,545,000"
29177,"53,423,000"
29227,"13,752,000"
29017,"16,490,000"
29035,"1,046,000"
29065,"1,852,000"
29067,"2,928,000"
29091,"2,431,000"
29093,"886,000"
29123,"1,793,000"
29149,"1,183,000"
29153,"2,072,000"
29179,"1,222,000"
29181,"10,669,000"
29203,"1,204,000"
29213,"1,269,000"
29215,"3,703,000"
29223,"1,555,000"
29225,"6,423,000"
29229,"3,256,000"
29023,"123,103,000"
29031,"52,149,000"
29069,"196,914,000"
29133,"153,775,000"
29143,"216,974,000"
29155,"185,947,000"
29201,"130,314,000"
29207,"256,080,000"
29009,"6,279,000"
29011,"73,277,000"
29043,"3,459,000"
29057,"33,252,000"
29077,"7,208,000"
29097,"32,605,000"
29109,"15,166,000"
29119,"3,651,000"
29145,"15,032,000"
29209,"3,672,000"
29013,"63,996,000"
29037,"60,217,000"
29039,"6,811,000"
29083,"34,984,000"
29095,"25,426,000"
29101,"46,190,000"
29107,"115,469,000"
29185,"14,351,000"
29217,"62,212,000"
30007,"21,430,000"
30013,"53,547,000"
30027,"71,745,000"
30037,"7,460,000"
30045,"28,494,000"
30049,"18,370,000"
30059,"9,480,000"
30065,"10,390,000"
30069,"12,332,000"
30107,"10,647,000"
30005,"71,586,000"
30015,"159,038,000"
30035,"68,173,000"
30041,"138,597,000"
30051,"68,912,000"
30071,"58,401,000"
30073,"84,119,000"
30099,"82,064,000"
30101,"81,945,000"
30019,"87,040,000"
30021,"55,488,000"
30033,"27,039,000"
30055,"77,755,000"
30083,"93,696,000"
30085,"113,026,000"
30091,"114,836,000"
30105,"119,097,000"
30023,"1,858,000"
30029,"27,593,000"
30039,"3,351,000"
30047,"24,269,000"
30053,"1,007,000"
30061,"260,000"
30063,"4,051,000"
30077,"7,648,000"
30081,"10,481,000"
30089,"5,524,000"
30003,"53,066,000"
30009,"25,966,000"
30067,"13,126,000"
30095,"12,989,000"
30097,"4,276,000"
30103,"22,387,000"
30111,"60,667,000"
30011,"12,429,000"
30017,"21,165,000"
30025,"12,047,000"
30075,"8,116,000"
30079,"14,947,000"
30087,"25,759,000"
30109,"15,888,000"
30001,"31,189,000"
30031,"58,802,000"
30043,"4,380,000"
30057,"27,275,000"
30093,"773,000"
31019,"272,389,000"
31041,"292,956,000"
31047,"283,448,000"
31077,"85,428,000"
31079,"232,843,000"
31093,"112,048,000"
31163,"78,019,000"
31175,"95,415,000"
31023,"184,934,000"
31025,"140,172,000"
31037,"115,678,000"
31053,"197,962,000"
31055,"54,176,000"
31081,"272,201,000"
31109,"146,709,000"
31121,"161,195,000"
31125,"71,932,000"
31141,"236,952,000"
31143,"167,047,000"
31153,"47,968,000"
31155,"224,355,000"
31159,"184,071,000"
31177,"102,595,000"
31185,"302,771,000"
31005,"9,208,000"
31009,"5,641,000"
31015,"18,981,000"
31017,"39,369,000"
31031,"79,896,000"
31071,"22,590,000"
31075, (D)
31089,"329,256,000"
31091,"1,879,000"
31103,"29,151,000"
31113,"26,232,000"
31115,"7,769,000"
31117,"5,873,000"
31149,"39,273,000"
31171, (D)
31183,"35,277,000"
31003,"256,378,000"
31011,"194,302,000"
31021,"150,263,000"
31027,"163,112,000"
31039,"140,001,000"
31043,"65,218,000"
31051,"71,086,000"
31107,"93,664,000"
31119,"149,324,000"
31139,"147,350,000"
31167,"63,997,000"
31173,"93,562,000"
31179,"92,911,000"
31007,"24,126,000"
31013,"168,614,000"
31033,"89,752,000"
31045,"21,060,000"
31049,"40,489,000"
31069,"37,829,000"
31105,"50,746,000"
31123,"114,100,000"
31157,"160,867,000"
31161,"83,767,000"
31165,"29,702,000"
31001,"262,135,000"
31061,"103,687,000"
31065,"98,374,000"
31073,"110,082,000"
31083,"126,402,000"
31099,"231,842,000"
31137,"264,070,000"
31181,"91,717,000"
31035,"211,743,000"
31059,"261,289,000"
31067,"174,879,000"
31095,"136,629,000"
31097,"43,783,000"
31127,"96,597,000"
31129,"137,716,000"
31131,"133,304,000"
31133,"57,332,000"
31147,"114,978,000"
31151,"171,808,000"
31169,"186,208,000"
31029,"183,172,000"
31057,"105,842,000"
31063,"66,175,000"
31085,"73,298,000"
31087,"42,893,000"
31101,"138,487,000"
31111,"264,672,000"
31135,"182,411,000"
31145,"82,467,000"
32007,"14,642,000"
32011,"29,246,000"
32015,"27,028,000"
32033,"9,057,000"
32510, (D)
32001,"31,004,000"
32005, (D)
32013,"102,440,000"
32019,"58,229,000"
32027,"32,934,000"
32029, (D)
32031,"8,205,000"
32003,"3,291,000"
32009,"12,907,000"
32017,"13,986,000"
32021,"499,000"
32023, (D)
33001,"4,752,000"
33003,"3,458,000"
33005,"6,860,000"
33007,"4,907,000"
33009,"5,822,000"
33011,"15,740,000"
33013,"35,150,000"
33015,"12,679,000"
33017,"6,009,000"
33019,"5,337,000"
34005,"96,197,000"
34021,"16,394,000"
34023,"28,851,000"
34025,"67,185,000"
34029,"9,732,000"
34003,"5,003,000"
34013, (D)
34019,"57,319,000"
34027,"27,206,000"
34031,"3,180,000"
34035,"20,711,000"
34037,"11,590,000"
34039, (D)
34041,"54,662,000"
34001,"123,140,000"
34007,"15,884,000"
34009,"7,501,000"
34011,"165,553,000"
34015,"82,308,000"
34033,"94,077,000"
35007,"2,145,000"
35009,"31,337,000"
35011,"8,846,000"
35019,"380,000"
35021,"285,000"
35033,"1,151,000"
35037,"2,339,000"
35041,"18,330,000"
35047,"956,000"
35057,"23,343,000"
35059,"16,862,000"
35001,"7,530,000"
35006, (D)
35028, (D)
35031,"623,000"
35039,"7,113,000"
35045,"63,365,000"
35043,"5,605,000"
35049,"9,597,000"
35055,"3,453,000"
35061,"13,288,000"
35005,"45,137,000"
35013,"166,853,000"
35015,"50,489,000"
35025,"40,738,000"
35027,"536,000"
35035,"8,050,000"
35003,"163,000"
35017,"2,086,000"
35023,"16,885,000"
35029,"39,948,000"
35051,"17,561,000"
35053,"11,794,000"
36011,"99,211,000"
36017,"14,722,000"
36023,"13,471,000"
36043,"17,711,000"
36053,"31,094,000"
36065,"42,170,000"
36067,"48,302,000"
36075,"22,499,000"
36077,"23,760,000"
36001,"31,072,000"
36035,"3,368,000"
36057,"21,498,000"
36083,"28,075,000"
36091,"19,456,000"
36093,"2,943,000"
36095,"15,388,000"
36115,"26,934,000"
36047, (D)
36059,"2,991,000"
36081,"154,000"
36085,"961,000"
36103,"204,504,000"
36019,"42,340,000"
36031,"5,573,000"
36033,"19,540,000"
36041, (D)
36113, (D)
36045,"45,254,000"
36049,"23,634,000"
36089,"38,816,000"
36021,"35,906,000"
36025,"9,315,000"
36027,"26,022,000"
36039,"9,733,000"
36071,"72,045,000"
36079,"3,001,000"
36087,"1,674,000"
36105,"4,055,000"
36111,"46,396,000"
36119,"4,192,000"
36007,"7,040,000"
36015,"6,610,000"
36097,"12,962,000"
36107,"11,324,000"
36109,"22,691,000"
36003,"20,889,000"
36009,"25,088,000"
36013,"73,787,000"
36101,"81,300,000"
36029,"61,682,000"
36037,"85,189,000"
36051,"80,742,000"
36055,"81,342,000"
36063,"76,305,000"
36069,"77,235,000"
36073,"138,467,000"
36099,"52,506,000"
36117,"149,398,000"
36121,"77,920,000"
36123,"43,971,000"
37013,"103,027,000"
37031,"28,872,000"
37049,"37,742,000"
37079,"75,925,000"
37095, (D)
37101,"153,612,000"
37103,"30,809,000"
37107,"97,146,000"
37137, (D)
37147,"111,214,000"
37191,"158,348,000"
37195,"151,365,000"
37003,"10,812,000"
37035,"19,810,000"
37037,"9,001,000"
37057,"21,746,000"
37059,"12,612,000"
37097,"37,242,000"
37105,"17,204,000"
37151,"23,987,000"
37159,"50,770,000"
37183,"61,407,000"
37015,"84,156,000"
37029, (D)
37041,"57,557,000"
37053,"25,836,000"
37055, (D)
37065,"98,214,000"
37073,"30,662,000"
37083,"86,838,000"
37091,"53,918,000"
37117,"84,544,000"
37127,"112,024,000"
37131,"75,665,000"
37139,"68,610,000"
37143,"59,200,000"
37177, (D)
37187,"65,281,000"
37005,"20,585,000"
37009,"40,553,000"
37011,"16,535,000"
37027,"9,560,000"
37171,"45,566,000"
37189,"5,874,000"
37193,"18,716,000"
37197,"33,411,000"
37001,"15,406,000"
37033,"17,697,000"
37063,"7,812,000"
37067,"14,368,000"
37069,"56,411,000"
37077,"19,231,000"
37081,"32,704,000"
37135,"15,472,000"
37145,"36,324,000"
37157,"24,367,000"
37169,"11,441,000"
37181,"16,896,000"
37185,"13,778,000"
37017,"59,676,000"
37019,"27,960,000"
37047,"82,765,000"
37051,"42,275,000"
37061,"133,773,000"
37085,"73,645,000"
37093,"25,233,000"
37129,"5,299,000"
37133,"29,278,000"
37141,"33,759,000"
37155,"144,335,000"
37163,"223,102,000"
37165,"20,122,000"
37007,"16,905,000"
37025,"13,874,000"
37045,"21,948,000"
37071,"5,120,000"
37109,"9,716,000"
37119, (D)
37123,"9,274,000"
37125,"15,175,000"
37153,"11,653,000"
37167,"32,646,000"
37179,"128,368,000"
37021,"39,258,000"
37023,"11,340,000"
37039,"7,963,000"
37043,"2,551,000"
37075,"551,000"
37087,"6,428,000"
37089,"54,193,000"
37099,"7,685,000"
37113,"2,027,000"
37115,"3,815,000"
37111,"17,205,000"
37121,"2,001,000"
37149,"5,611,000"
37161,"3,271,000"
37173,"327,000"
37175,"16,592,000"
37199,"4,124,000"
38027,"94,787,000"
38031,"136,197,000"
38043,"107,062,000"
38083,"98,135,000"
38093,"418,246,000"
38103,"258,646,000"
38003,"366,867,000"
38017,"549,222,000"
38039,"117,015,000"
38091,"207,081,000"
38097,"306,729,000"
38005,"222,997,000"
38009,"241,696,000"
38049,"143,323,000"
38069,"128,604,000"
38079,"97,999,000"
38019,"328,472,000"
38035,"406,463,000"
38063,"136,013,000"
38067,"400,662,000"
38071,"228,172,000"
38095,"179,530,000"
38099,"416,885,000"
38013,"96,392,000"
38023,"85,291,000"
38061,"134,483,000"
38075,"153,007,000"
38101,"256,070,000"
38105,"167,572,000"
38015,"130,901,000"
38029,"138,632,000"
38037,"110,368,000"
38059,"152,179,000"
38085,"29,552,000"
38021,"235,211,000"
38045,"259,863,000"
38047,"86,069,000"
38051,"105,232,000"
38073,"153,108,000"
38077,"509,246,000"
38081,"219,934,000"
38001,"83,073,000"
38007,"17,648,000"
38011,"60,312,000"
38033,"43,647,000"
38041,"145,397,000"
38087,"48,647,000"
38089,"118,697,000"
38025,"75,570,000"
38053,"78,937,000"
38055,"270,674,000"
38057,"56,262,000"
38065,"51,510,000"
39041,"107,887,000"
39045,"84,070,000"
39047,"126,175,000"
39049,"46,387,000"
39083,"80,210,000"
39089,"101,728,000"
39097,"153,819,000"
39101,"112,350,000"
39117,"93,344,000"
39129,"135,761,000"
39141,"69,836,000"
39159,"142,869,000"
39013,"4,410,000"
39019,"20,239,000"
39031,"32,562,000"
39067,"7,769,000"
39075,"42,791,000"
39081,"3,788,000"
39157,"23,668,000"
39005,"54,917,000"
39033,"142,931,000"
39043,"81,334,000"
39077,"154,464,000"
39093,"160,624,000"
39123,"77,847,000"
39139,"66,519,000"
39143,"126,460,000"
39147,"148,389,000"
39175,"131,365,000"
39007,"61,185,000"
39029,"38,141,000"
39035,"10,061,000"
39055,"17,901,000"
39085,"81,334,000"
39099,"30,032,000"
39103,"42,451,000"
39133,"32,187,000"
39151,"66,142,000"
39153,"9,784,000"
39155,"47,859,000"
39169,"103,706,000"
39003,"109,811,000"
39039,"86,180,000"
39051,"121,977,000"
39063,"146,881,000"
39069,"142,496,000"
39095,"62,974,000"
39125,"102,955,000"
39137,"181,931,000"
39161,"153,066,000"
39171,"83,403,000"
39173,"193,447,000"
39001,"26,693,000"
39015,"73,087,000"
39053,"7,811,000"
39071,"106,277,000"
39079,"4,716,000"
39087,"2,777,000"
39131,"22,916,000"
39145,"14,093,000"
39009,"5,463,000"
39059,"7,873,000"
39073,"4,254,000"
39105,"9,671,000"
39111,"4,428,000"
39115,"5,078,000"
39119,"30,122,000"
39121,"3,619,000"
39127,"30,514,000"
39163,"3,875,000"
39167,"18,051,000"
39017,"52,310,000"
39025,"54,136,000"
39027,"148,248,000"
39057,"87,025,000"
39061,"14,504,000"
39113,"64,974,000"
39135,"102,023,000"
39165,"60,766,000"
39011,"115,541,000"
39021,"112,985,000"
39023,"116,745,000"
39037,"180,379,000"
39065,"146,501,000"
39091,"122,173,000"
39107,"153,143,000"
39109,"101,093,000"
39149,"123,665,000"
40017,"51,966,000"
40027,"6,646,000"
40037,"4,474,000"
40051,"29,103,000"
40073,"63,461,000"
40081,"10,371,000"
40083,"20,751,000"
40087,"12,713,000"
40107,"4,611,000"
40109,"14,504,000"
40119,"9,009,000"
40125,"8,491,000"
40133,"3,972,000"
40001,"2,512,000"
40021,"105,174,000"
40061,"2,460,000"
40063,"5,469,000"
40091,"2,923,000"
40101,"21,398,000"
40111,"7,519,000"
40121,"6,549,000"
40135,"12,763,000"
40003,"61,823,000"
40047,"93,745,000"
40053,"71,076,000"
40071,"57,663,000"
40093,"41,325,000"
40103,"29,646,000"
40151,"35,493,000"
40153,"15,665,000"
40035,"11,611,000"
40041,"4,668,000"
40097,"6,093,000"
40105,"4,926,000"
40113,"7,493,000"
40115,"50,694,000"
40117,"3,901,000"
40131,"7,780,000"
40143,"14,788,000"
40145,"19,556,000"
40147,"7,181,000"
40007,"32,994,000"
40025,"65,716,000"
40045,"13,134,000"
40059,"13,933,000"
40139,"151,942,000"
40005,"4,192,000"
40013,"19,446,000"
40019,"5,593,000"
40029,"4,139,000"
40049,"17,159,000"
40067,"6,206,000"
40069,"3,812,000"
40085,"4,647,000"
40095,"3,822,000"
40099,"2,307,000"
40123,"6,358,000"
40137,"5,281,000"
40023,"6,273,000"
40077,"2,085,000"
40079,"18,901,000"
40089,"11,819,000"
40127,"1,417,000"
40015,"60,383,000"
40031,"17,002,000"
40033,"29,616,000"
40055,"20,105,000"
40057,"27,747,000"
40065,"41,847,000"
40075,"63,668,000"
40141,"55,004,000"
40009,"19,261,000"
40011,"41,812,000"
40039,"49,847,000"
40043,"20,897,000"
40129,"12,913,000"
40149,"62,324,000"
41021,"37,285,000"
41027, (D)
41049,"194,871,000"
41055, (D)
41065,"79,599,000"
41001,"46,089,000"
41059,"371,988,000"
41061,"51,274,000"
41063,"22,144,000"
41003,"80,825,000"
41005,"249,520,000"
41007,"1,420,000"
41009, (D)
41039,"106,283,000"
41041,"1,692,000"
41043,"186,061,000"
41047,"483,009,000"
41051, (D)
41053,"116,238,000"
41057,"3,037,000"
41067,"225,459,000"
41071,"221,697,000"
41013,"13,562,000"
41017,"11,127,000"
41023,"5,661,000"
41025,"37,088,000"
41031,"47,249,000"
41035,"102,578,000"
41037,"45,092,000"
41045,"182,344,000"
41069,"3,240,000"
41011,"10,805,000"
41015,"9,584,000"
41019,"23,495,000"
41029,"36,955,000"
41033, (D)
42013,"17,467,000"
42021,"18,117,000"
42027,"31,431,000"
42033,"7,279,000"
42037,"48,714,000"
42043,"28,705,000"
42061,"18,191,000"
42067,"14,299,000"
42087,"16,676,000"
42093,"28,511,000"
42097,"57,058,000"
42099,"27,727,000"
42109,"27,150,000"
42119,"25,949,000"
42025,"8,534,000"
42077,"63,218,000"
42079,"17,259,000"
42089,"7,335,000"
42095,"36,053,000"
42103,"2,706,000"
42107,"76,823,000"
42015,"29,151,000"
42023,"314,000"
42035,"12,232,000"
42047,"2,015,000"
42081,"38,877,000"
42083,"2,440,000"
42105,"11,242,000"
42113,"2,545,000"
42117,"21,241,000"
42069,"9,427,000"
42115,"8,974,000"
42127,"6,785,000"
42131,"8,369,000"
42039,"51,457,000"
42049,"70,163,000"
42053,"707,000"
42085,"46,664,000"
42121,"10,179,000"
42123,"6,834,000"
42001,"114,024,000"
42009,"36,473,000"
42041,"59,386,000"
42055,"89,217,000"
42057,"13,092,000"
42133,"147,217,000"
42011,"224,986,000"
42017,"46,869,000"
42029,"535,206,000"
42045,"9,680,000"
42071,"261,037,000"
42075,"45,770,000"
42091,"18,398,000"
42101,"727,000"
42003,"8,755,000"
42051,"14,221,000"
42059,"5,722,000"
42111,"27,139,000"
42125,"18,787,000"
42129,"27,006,000"
42005,"20,185,000"
42007,"10,879,000"
42019,"36,846,000"
42031,"20,145,000"
42063,"39,276,000"
42065,"12,439,000"
42073,"20,607,000"
44001,"2,147,000"
44003,"3,498,000"
44005,"12,153,000"
44007,"10,954,000"
44009,"20,229,000"
45017,"55,439,000"
45027,"74,322,000"
45061,"60,886,000"
45063,"42,681,000"
45075,"124,644,000"
45079,"23,096,000"
45085,"48,089,000"
45025, (D)
45031,"75,496,000"
45033,"50,997,000"
45041,"53,177,000"
45043,"12,596,000"
45051,"79,650,000"
45067,"28,363,000"
45069,"45,447,000"
45089,"51,412,000"
45023, (D)
45039,"1,545,000"
45055,"4,795,000"
45057,"3,501,000"
45091, (D)
45007, (D)
45021,"9,776,000"
45045,"13,524,000"
45059, (D)
45073,"6,081,000"
45077,"5,593,000"
45083,"19,557,000"
45087,"1,894,000"
45005,"22,860,000"
45009,"26,008,000"
45011, (D)
45013, (D)
45015,"6,008,000"
45019, (D)
45029,"32,011,000"
45035,"23,538,000"
45049,"34,248,000"
45053,"5,984,000"
45001,"2,984,000"
45003,"15,743,000"
45037,"32,730,000"
45047,"2,223,000"
45065,"1,177,000"
45071, (D)
45081,"27,527,000"
46003,"68,196,000"
46005,"190,063,000"
46015,"76,953,000"
46017,"22,972,000"
46059,"197,905,000"
46065,"87,163,000"
46069,"63,078,000"
46073,"62,010,000"
46119,"186,494,000"
46011,"162,340,000"
46035,"50,170,000"
46061,"67,135,000"
46077,"175,284,000"
46079,"112,379,000"
46087,"96,689,000"
46097,"74,947,000"
46099,"164,228,000"
46101,"131,252,000"
46111,"69,389,000"
46013,"462,905,000"
46021,"62,126,000"
46045,"186,317,000"
46049,"156,409,000"
46089,"84,627,000"
46107,"140,531,000"
46115,"334,151,000"
46129,"89,049,000"
46025,"159,568,000"
46029,"108,293,000"
46037,"158,390,000"
46039,"93,232,000"
46051,"135,881,000"
46057,"124,886,000"
46091,"146,118,000"
46109,"200,141,000"
46019,"17,320,000"
46031,"59,621,000"
46041,"29,240,000"
46063,"17,114,000"
46105,"43,281,000"
46137,"19,261,000"
46053,"39,961,000"
46075,"40,121,000"
46085,"95,031,000"
46095,"13,929,000"
46121,"15,910,000"
46123,"86,671,000"
46009,"41,325,000"
46023,"102,917,000"
46027,"79,678,000"
46043,"41,558,000"
46067,"71,342,000"
46083,"103,441,000"
46125,"100,867,000"
46127,"106,501,000"
46135,"56,866,000"
46007,"22,270,000"
46033,"2,871,000"
46047,"6,474,000"
46102,"8,720,000"
46055,"33,129,000"
46071,"17,969,000"
46081,"2,424,000"
46093,"25,425,000"
46103,"29,599,000"
46117,"40,815,000"
47003,"10,533,000"
47015,"10,401,000"
47027,"4,347,000"
47037, (D)
47041,"57,338,000"
47055,"16,855,000"
47087,"2,353,000"
47103,"37,071,000"
47111,"26,718,000"
47117,"4,646,000"
47119,"15,914,000"
47127, (D)
47149,"15,431,000"
47159,"7,605,000"
47165,"24,389,000"
47169,"2,980,000"
47187,"10,865,000"
47189,"3,022,000"
47007,"10,618,000"
47031,"39,312,000"
47035,"12,948,000"
47049,"3,645,000"
47051,"35,715,000"
47061,"8,543,000"
47115,"6,083,000"
47129,"1,178,000"
47133,"3,172,000"
47137,"1,096,000"
47141,"2,675,000"
47151,"432,000"
47153,"1,062,000"
47175,"972,000"
47177,"70,221,000"
47185,"3,779,000"
47045,"102,853,000"
47095,"51,674,000"
47097,"94,562,000"
47131,"102,203,000"
47157,"29,977,000"
47167,"65,451,000"
47001,"759,000"
47009,"6,214,000"
47011,"6,382,000"
47013,"745,000"
47019,"1,616,000"
47025,"2,256,000"
47029,"10,228,000"
47057,"10,911,000"
47059,"13,082,000"
47063,"11,111,000"
47065,"2,106,000"
47067,"564,000"
47073,"6,597,000"
47089,"4,688,000"
47091,"2,178,000"
47093,"8,672,000"
47105,"59,861,000"
47107,"4,605,000"
47121,"1,321,000"
47123,"7,413,000"
47139,"3,423,000"
47143,"9,275,000"
47145,"1,022,000"
47155,"1,160,000"
47163,"1,735,000"
47171,"109,000"
47173,"461,000"
47179,"12,925,000"
47005,"7,337,000"
47017,"59,128,000"
47023,"8,115,000"
47033,"59,262,000"
47039,"4,515,000"
47047,"67,915,000"
47053,"137,332,000"
47069,"26,376,000"
47071,"18,081,000"
47075,"123,842,000"
47077,"26,094,000"
47079,"56,847,000"
47113,"62,369,000"
47109,"20,111,000"
47183,"85,483,000"
47021,"8,396,000"
47043,"5,576,000"
47081,"6,514,000"
47083,"441,000"
47085,"8,600,000"
47099,"33,291,000"
47101,"486,000"
47125,"36,376,000"
47135,"829,000"
47147,"113,005,000"
47161,"5,652,000"
47181,"3,377,000"
48027,"58,592,000"
48035,"50,172,000"
48085,"50,811,000"
48097,"18,507,000"
48099,"16,183,000"
48113,"38,198,000"
48119,"15,741,000"
48121,"35,317,000"
48139,"67,356,000"
48145,"55,025,000"
48147,"39,811,000"
48181,"66,859,000"
48193,"10,717,000"
48217,"80,466,000"
48231,"44,771,000"
48251,"19,919,000"
48257,"20,295,000"
48277,"40,522,000"
48293,"12,346,000"
48309,"74,815,000"
48331,"38,485,000"
48349,"31,422,000"
48397,"2,007,000"
48439,"25,191,000"
48491,"74,987,000"
48007,"198,000"
48273, (D)
48355,"78,243,000"
48391,"32,766,000"
48409,"68,324,000"
48009,"12,774,000"
48049,"7,527,000"
48059,"5,837,000"
48077,"12,479,000"
48093,"26,780,000"
48133,"8,508,000"
48143,"18,473,000"
48221,"8,557,000"
48237,"2,279,000"
48333,"5,403,000"
48337,"8,419,000"
48363,"9,900,000"
48367,"15,429,000"
48417,"2,589,000"
48425,"1,183,000"
48429,"1,069,000"
48447,"8,724,000"
48497,"16,410,000"
48503,"7,999,000"
48001,"13,645,000"
48037,"13,979,000"
48063,"3,080,000"
48067,"5,300,000"
48073,"89,696,000"
48159,"3,775,000"
48183,"1,347,000"
48203,"4,978,000"
48213,"17,357,000"
48223,"12,905,000"
48225,"13,915,000"
48315,"553,000"
48343,"2,280,000"
48347,"5,718,000"
48365,"5,626,000"
48379,"4,752,000"
48387,"14,201,000"
48401,"19,263,000"
48419,"9,715,000"
48423,"59,512,000"
48449,"3,628,000"
48459,"4,607,000"
48467,"47,241,000"
48499,"6,600,000"
48005,"4,292,000"
48041,"12,410,000"
48161,"5,769,000"
48185,"11,057,000"
48199,"3,219,000"
48241,"5,618,000"
48289,"9,970,000"
48313, (D)
48339,"11,499,000"
48351,"1,043,000"
48373,"2,409,000"
48395,"33,205,000"
48403,"566,000"
48405,"1,243,000"
48407,"2,376,000"
48455,"1,696,000"
48457,"14,293,000"
48471,"18,580,000"
48473,"70,397,000"
48019,"1,263,000"
48031,"9,052,000"
48053,"3,729,000"
48081,"2,058,000"
48095,"14,229,000"
48105,"45,000"
48137,"608,000"
48171,"11,311,000"
48235,"770,000"
48259,"2,115,000"
48265,"1,313,000"
48267, (D)
48271,"1,165,000"
48281,"2,924,000"
48299,"1,431,000"
48319,"4,996,000"
48307,"8,622,000"
48327,"1,252,000"
48383,"7,146,000"
48385,"201,000"
48411,"9,349,000"
48413,"2,808,000"
48431, (D)
48435,"495,000"
48451,"32,596,000"
48461,"8,066,000"
48463,"61,890,000"
48465,"407,000"
48061,"147,427,000"
48215,"415,208,000"
48427,"27,145,000"
48489,"78,386,000"
48011,"8,084,000"
48045,"12,786,000"
48065,"50,643,000"
48069,"155,645,000"
48111,"166,299,000"
48117,"79,899,000"
48153, (D)
48179,"24,346,000"
48189,"129,176,000"
48195,"110,704,000"
48205,"193,986,000"
48211,"3,017,000"
48233,"32,147,000"
48295,"8,878,000"
48341,"117,569,000"
48357,"62,118,000"
48359,"2,765,000"
48369,"131,697,000"
48375,"1,621,000"
48381,"15,858,000"
48393,"5,173,000"
48421,"129,479,000"
48437,"44,746,000"
48033,"5,338,000"
48075,"13,006,000"
48087,"29,939,000"
48101,"5,328,000"
48125,"8,097,000"
48129,"13,447,000"
48155,"6,195,000"
48169,"8,722,000"
48191,"18,389,000"
48197,"9,144,000"
48263, (D)
48269, (D)
48345,"3,139,000"
48483,"9,172,000"
48485,"19,554,000"
48487,"31,414,000"
48015,"17,475,000"
48021,"11,901,000"
48025,"9,939,000"
48029,"54,705,000"
48051,"34,301,000"
48055,"11,178,000"
48089,"44,446,000"
48091, (D)
48123,"7,588,000"
48149,"13,794,000"
48175,"3,818,000"
48177,"23,246,000"
48187,"30,332,000"
48209,"7,313,000"
48255,"10,705,000"
48285,"12,582,000"
48287,"12,870,000"
48325,"64,889,000"
48453,"34,155,000"
48477,"11,393,000"
48493,"27,914,000"
48013,"27,793,000"
48047,"547,000"
48127,"8,574,000"
48131,"956,000"
48163,"109,089,000"
48247, (D)
48249,"35,240,000"
48261, (D)
48283,"11,940,000"
48297,"2,836,000"
48323,"2,622,000"
48311,"430,000"
48479,"842,000"
48505,"4,562,000"
48507,"28,977,000"
48003,"5,819,000"
48017,"31,776,000"
48079, (D)
48107,"67,206,000"
48115,"70,918,000"
48165,"175,454,000"
48173,"23,097,000"
48219,"70,121,000"
48227,"4,642,000"
48279,"116,543,000"
48303,"95,860,000"
48305,"65,765,000"
48317,"18,002,000"
48329,"11,301,000"
48445,"88,317,000"
48501,"73,282,000"
48023,"14,843,000"
48083,"11,388,000"
48151,"20,153,000"
48207,"28,616,000"
48253,"29,683,000"
48275,"19,127,000"
48335,"12,918,000"
48353,"12,395,000"
48399,"29,542,000"
48415,"13,019,000"
48433,"2,525,000"
48441,"10,421,000"
48043,"1,035,000"
48103,"23,000"
48109,"6,612,000"
48135,"634,000"
48141,"39,634,000"
48229,"24,716,000"
48243, (D)
48371,"27,595,000"
48377, (D)
48389,"10,864,000"
48443, (D)
48475,"116,000"
48495, (D)
48039,"71,568,000"
48057,"28,309,000"
48071,"15,049,000"
48157,"91,886,000"
48167,"3,871,000"
48201,"47,426,000"
48239,"73,997,000"
48245,"21,590,000"
48291,"14,705,000"
48321,"77,024,000"
48361,"1,918,000"
48469,"27,784,000"
48481,"270,754,000"
49023,"11,531,000"
49027,"74,824,000"
49039,"21,838,000"
49041,"19,866,000"
49049,"98,246,000"
49007,"2,433,000"
49009,"778,000"
49013,"18,977,000"
49015,"5,092,000"
49019,"2,267,000"
49037,"4,355,000"
49043,"3,137,000"
49047,"21,290,000"
49051,"3,167,000"
49003,"76,316,000"
49005,"37,542,000"
49011,"31,559,000"
49029,"3,407,000"
49033,"4,473,000"
49035,"14,048,000"
49045,"11,385,000"
49057,"16,713,000"
49001,"21,581,000"
49017,"3,618,000"
49021,"53,525,000"
49025,"789,000"
49031,"1,846,000"
49053,"6,458,000"
49055,"3,039,000"
50001,"28,318,000"
50003,"7,903,000"
50005,"6,748,000"
50007,"19,854,000"
50009,"3,945,000"
50011,"31,586,000"
50013,"5,638,000"
50015,"9,519,000"
50017,"13,483,000"
50019,"14,305,000"
50021,"10,230,000"
50023,"7,031,000"
50025,"11,359,000"
50027,"7,807,000"
51003,"19,481,000"
51007,"12,936,000"
51009,"3,259,000"
51011,"4,429,000"
51019,"6,950,000"
51029,"6,472,000"
51031,"6,499,000"
51033,"19,678,000"
51041,"3,803,000"
51049,"3,848,000"
51065,"2,965,000"
51075,"8,311,000"
51079,"1,573,000"
51085,"47,004,000"
51087,"9,218,000"
51109,"6,801,000"
51125,"10,377,000"
51137,"64,929,000"
51145,"3,909,000"
51147,"1,920,000"
51177,"4,004,000"
51001,"59,778,000"
51036, (D)
51057,"22,434,000"
51073,"10,691,000"
51095,"1,565,000"
51097, (D)
51099,"3,184,000"
51101,"14,053,000"
51103,"4,690,000"
51115,"2,235,000"
51119,"10,417,000"
51127,"6,716,000"
51131,"61,436,000"
51133,"20,999,000"
51159,"14,648,000"
51193,"30,725,000"
51199,"2,076,000"
51013, (D)
51043,"8,573,000"
51047,"25,645,000"
51059,"3,234,000"
51061,"21,587,000"
51069,"24,874,000"
51107,"26,089,000"
51113,"11,542,000"
51139,"6,254,000"
51153,"5,807,000"
51157,"3,668,000"
51165,"47,606,000"
51171,"19,429,000"
51179,"1,342,000"
51187,"2,143,000"
51025,"17,252,000"
51550, (D)
51053,"20,412,000"
51081,"20,587,000"
51093,"33,025,000"
51117,"35,386,000"
51149,"9,876,000"
51175,"67,002,000"
51800,"58,963,000"
51181,"19,366,000"
51183, (D)
51810,"16,803,000"
51037,"11,104,000"
51067,"14,726,000"
51083,"23,171,000"
51089, (D)
51111,"13,546,000"
51135,"6,166,000"
51141,"7,462,000"
51143,"36,912,000"
51021,"1,222,000"
51027,"222,000"
51035,"11,178,000"
51051,"167,000"
51063,"14,354,000"
51071,"1,615,000"
51077,"5,968,000"
51105,"4,335,000"
51121,"6,694,000"
51155,"2,379,000"
51167,"2,934,000"
51169,"4,233,000"
51173,"3,846,000"
51185,"1,958,000"
51191,"6,633,000"
51195, (D)
51197,"6,677,000"
51005, (D)
51015,"27,685,000"
51017,"1,340,000"
51023,"6,063,000"
51045,"1,299,000"
51091,"1,362,000"
51161, (D)
51163,"6,974,000"
53005, (D)
53007,"202,854,000"
53037,"47,157,000"
53039,"58,114,000"
53047,"249,837,000"
53077,"1,069,497,000"
53001,"339,990,000"
53017,"195,912,000"
53021,"503,196,000"
53025,"1,333,149,000"
53043,"173,610,000"
53019,"2,880,000"
53051,"2,315,000"
53063,"132,862,000"
53065,"17,401,000"
53003,"16,376,000"
53013,"53,936,000"
53023,"44,328,000"
53071, (D)
53075,"352,378,000"
53009,"4,136,000"
53011,"18,856,000"
53015, (D)
53027,"16,697,000"
53029,"3,281,000"
53031,"1,740,000"
53033,"44,012,000"
53035,"3,714,000"
53041,"29,075,000"
53045,"2,513,000"
53049,"7,437,000"
53053,"23,896,000"
53055,"2,582,000"
53057,"201,007,000"
53059,"1,535,000"
53061,"63,216,000"
53067,"48,843,000"
53069,"288,000"
53073,"119,816,000"
54003,"23,982,000"
54023,"1,237,000"
54025,"2,126,000"
54027,"7,564,000"
54031,"5,164,000"
54037,"15,997,000"
54057,"1,540,000"
54063,"2,977,000"
54065,"2,332,000"
54071,"2,873,000"
54075,"1,042,000"
54083,"2,044,000"
54089,"1,272,000"
54093,"497,000"
54001,"1,163,000"
54009,"282,000"
54017,"766,000"
54029,"344,000"
54033,"2,401,000"
54041,"985,000"
54049,"951,000"
54051,"1,363,000"
54061,"1,118,000"
54069,"714,000"
54073, (D)
54077,"5,099,000"
54085,"1,149,000"
54091,"714,000"
54095,"786,000"
54097,"1,277,000"
54103,"517,000"
54107,"1,892,000"
54005,"21,000"
54007,"970,000"
54011,"1,002,000"
54013,"378,000"
54015,"158,000"
54019,"720,000"
54021,"388,000"
54035,"2,119,000"
54039,"441,000"
54043,"341,000"
54045,"53,000"
54053,"25,251,000"
54047, (D)
54055,"1,302,000"
54059, (D)
54067,"768,000"
54079,"8,413,000"
54081,"739,000"
54087,"1,473,000"
54099,"416,000"
54101,"208,000"
54105,"643,000"
54109,"11,000"
55001,"93,482,000"
55047,"61,134,000"
55057,"77,954,000"
55077,"38,238,000"
55097,"211,922,000"
55135,"50,604,000"
55137,"104,150,000"
55141,"85,288,000"
55009,"53,545,000"
55015,"54,359,000"
55029,"38,062,000"
55039,"110,823,000"
55061,"58,942,000"
55071,"74,810,000"
55087,"105,588,000"
55117,"65,621,000"
55139,"52,283,000"
55003,"2,517,000"
55019,"91,893,000"
55051, (D)
55069,"10,060,000"
55073,"97,004,000"
55085,"17,174,000"
55099,"7,209,000"
55119,"33,739,000"
55125,"9,746,000"
55037, (D)
55041,"1,767,000"
55067,"60,671,000"
55075,"29,101,000"
55083,"65,007,000"
55115,"66,100,000"
55005,"99,665,000"
55007,"4,913,000"
55013,"14,428,000"
55017,"96,472,000"
55031,"4,061,000"
55095,"67,623,000"
55107,"18,237,000"
55113,"10,135,000"
55129,"15,636,000"
55021,"119,418,000"
55025,"184,483,000"
55027,"170,936,000"
55045,"72,679,000"
55055,"108,457,000"
55105,"165,875,000"
55059,"48,242,000"
55079,"7,582,000"
55089,"24,175,000"
55101,"73,606,000"
55127,"79,039,000"
55131,"48,905,000"
55133,"41,811,000"
55023,"37,653,000"
55043,"129,081,000"
55049,"58,336,000"
55065,"98,878,000"
55103,"32,612,000"
55111,"71,128,000"
55123,"71,183,000"
55011,"72,492,000"
55033,"128,711,000"
55035,"56,187,000"
55053,"90,227,000"
55063,"38,709,000"
55081,"91,641,000"
55091,"27,821,000"
55093,"94,416,000"
55109,"107,424,000"
55121,"87,598,000"
56005,"3,540,000"
56011,"5,761,000"
56019,"4,624,000"
56033,"9,853,000"
56045,"2,230,000"
56003,"53,075,000"
56013,"50,986,000"
56017,"2,091,000"
56029,"63,583,000"
56043,"26,570,000"
56001,"8,023,000"
56007,"11,219,000"
56025,"7,077,000"
56037,"7,438,000"
56009,"6,163,000"
56015,"66,075,000"
56021,"46,494,000"
56027,"8,175,000"
56031,"30,338,000"
56023,"12,525,000"
56035,"7,880,000"
56039,"2,185,000"
56041,"3,051,000"